-- phpMyAdmin SQL Dump
-- version 3.5.1
-- http://www.phpmyadmin.net
--
-- Client: localhost
-- Généré le: Ven 27 Septembre 2013 à 08:01
-- Version du serveur: 5.5.24-log
-- Version de PHP: 5.4.3

SET SQL_MODE="NO_AUTO_VALUE_ON_ZERO";
SET time_zone = "+00:00";


/*!40101 SET @OLD_CHARACTER_SET_CLIENT=@@CHARACTER_SET_CLIENT */;
/*!40101 SET @OLD_CHARACTER_SET_RESULTS=@@CHARACTER_SET_RESULTS */;
/*!40101 SET @OLD_COLLATION_CONNECTION=@@COLLATION_CONNECTION */;
/*!40101 SET NAMES utf8 */;

--
-- Base de données: `armoirev3`
--

-- --------------------------------------------------------

--
-- Structure de la table `alert`
--

CREATE TABLE IF NOT EXISTS `alert` (
  `Id` int(8) NOT NULL AUTO_INCREMENT,
  `Date_Creation` datetime NOT NULL,
  `Alert_Type_Id` int(8) NOT NULL,
  `Message` varchar(2500) NOT NULL,
  `User_ID` int(32) NOT NULL,
  `Armoire_ID` int(32) NOT NULL,
  `Traiter` smallint(1) NOT NULL,
  PRIMARY KEY (`Id`)
) ENGINE=MyISAM  DEFAULT CHARSET=latin1 AUTO_INCREMENT=1766 ;

--
-- Contenu de la table `alert`
--

INSERT INTO `alert` (`Id`, `Date_Creation`, `Alert_Type_Id`, `Message`, `User_ID`, `Armoire_ID`, `Traiter`) VALUES
(780, '2013-06-04 16:21:59', 10, '1 intrus inconnus détectés', 1, 1, 1),
(781, '2013-06-04 16:21:59', 17, 'Les articles, code 60875 en taille 0, ne sont plus en stock', 1, 1, 1),
(782, '2013-06-04 16:21:59', 17, 'Les articles, code 60875 en taille 1, ne sont plus en stock', 1, 1, 1),
(783, '2013-06-04 16:21:59', 17, 'Les articles, code 60875 en taille 2, ne sont plus en stock', 1, 1, 1),
(784, '2013-06-04 16:21:59', 17, 'Les articles, code 60875 en taille 3, ne sont plus en stock', 1, 1, 1),
(785, '2013-06-04 16:21:59', 17, 'Les articles, code 60875 en taille 4, ne sont plus en stock', 1, 1, 1),
(786, '2013-06-04 16:21:59', 17, 'Les articles, code 60875 en taille 5, ne sont plus en stock', 1, 1, 1),
(787, '2013-06-04 16:21:59', 17, 'Les articles, code 60875 en taille 6, ne sont plus en stock', 1, 1, 1),
(788, '2013-06-04 16:21:59', 17, 'Les articles, code 60875 en taille 7, ne sont plus en stock', 1, 1, 1),
(789, '2013-06-04 16:21:59', 17, 'Les articles, code 60875 en taille 8, ne sont plus en stock', 1, 1, 1),
(790, '2013-06-04 16:21:59', 17, 'Les articles, code 60864 en taille 0, ne sont plus en stock', 1, 1, 1),
(791, '2013-06-04 16:21:59', 17, 'Les articles, code 60864 en taille 1, ne sont plus en stock', 1, 1, 1),
(792, '2013-06-04 16:21:59', 17, 'Les articles, code 60864 en taille 2, ne sont plus en stock', 1, 1, 1),
(793, '2013-06-04 16:21:59', 17, 'Les articles, code 60864 en taille 3, ne sont plus en stock', 1, 1, 1),
(794, '2013-06-04 16:21:59', 17, 'Les articles, code 60864 en taille 4, ne sont plus en stock', 1, 1, 1),
(795, '2013-06-04 16:21:59', 17, 'Les articles, code 60864 en taille 5, ne sont plus en stock', 1, 1, 1),
(796, '2013-06-04 16:21:59', 17, 'Les articles, code 60864 en taille 6, ne sont plus en stock', 1, 1, 1),
(797, '2013-06-04 16:21:59', 17, 'Les articles, code 60864 en taille 7, ne sont plus en stock', 1, 1, 1),
(798, '2013-06-04 16:21:59', 17, 'Les articles, code 60864 en taille 8, ne sont plus en stock', 1, 1, 1),
(799, '2013-06-04 16:23:18', 17, 'Les articles, code 60875 en taille 0, ne sont plus en stock', 1, 1, 1),
(800, '2013-06-04 16:23:18', 17, 'Les articles, code 60875 en taille 1, ne sont plus en stock', 1, 1, 1),
(801, '2013-06-04 16:23:18', 17, 'Les articles, code 60875 en taille 2, ne sont plus en stock', 1, 1, 1),
(802, '2013-06-04 16:23:18', 17, 'Les articles, code 60875 en taille 3, ne sont plus en stock', 1, 1, 1),
(803, '2013-06-04 16:23:18', 17, 'Les articles, code 60875 en taille 4, ne sont plus en stock', 1, 1, 1),
(804, '2013-06-04 16:23:18', 17, 'Les articles, code 60875 en taille 5, ne sont plus en stock', 1, 1, 1),
(805, '2013-06-04 16:23:18', 17, 'Les articles, code 60875 en taille 6, ne sont plus en stock', 1, 1, 1),
(806, '2013-06-04 16:23:18', 17, 'Les articles, code 60875 en taille 7, ne sont plus en stock', 1, 1, 1),
(807, '2013-06-04 16:23:18', 17, 'Les articles, code 60875 en taille 8, ne sont plus en stock', 1, 1, 1),
(808, '2013-06-04 16:23:18', 17, 'Les articles, code 60864 en taille 0, ne sont plus en stock', 1, 1, 1),
(809, '2013-06-04 16:23:18', 17, 'Les articles, code 60864 en taille 1, ne sont plus en stock', 1, 1, 1),
(810, '2013-06-04 16:23:18', 17, 'Les articles, code 60864 en taille 2, ne sont plus en stock', 1, 1, 1),
(811, '2013-06-04 16:23:18', 17, 'Les articles, code 60864 en taille 3, ne sont plus en stock', 1, 1, 1),
(812, '2013-06-04 16:23:18', 17, 'Les articles, code 60864 en taille 4, ne sont plus en stock', 1, 1, 1),
(813, '2013-06-04 16:23:18', 17, 'Les articles, code 60864 en taille 5, ne sont plus en stock', 1, 1, 1),
(814, '2013-06-04 16:23:18', 17, 'Les articles, code 60864 en taille 6, ne sont plus en stock', 1, 1, 1),
(815, '2013-06-04 16:23:18', 17, 'Les articles, code 60864 en taille 7, ne sont plus en stock', 1, 1, 1),
(816, '2013-06-04 16:23:18', 17, 'Les articles, code 60864 en taille 8, ne sont plus en stock', 1, 1, 1),
(817, '2013-06-04 16:24:14', 17, 'Les articles, code 60875 en taille 0, ne sont plus en stock', 1, 1, 1),
(818, '2013-06-04 16:24:14', 17, 'Les articles, code 60875 en taille 1, ne sont plus en stock', 1, 1, 1),
(819, '2013-06-04 16:24:14', 17, 'Les articles, code 60875 en taille 2, ne sont plus en stock', 1, 1, 1),
(820, '2013-06-04 16:24:14', 17, 'Les articles, code 60875 en taille 3, ne sont plus en stock', 1, 1, 1),
(821, '2013-06-04 16:24:14', 17, 'Les articles, code 60875 en taille 4, ne sont plus en stock', 1, 1, 1),
(822, '2013-06-04 16:24:14', 17, 'Les articles, code 60875 en taille 5, ne sont plus en stock', 1, 1, 1),
(823, '2013-06-04 16:24:14', 17, 'Les articles, code 60875 en taille 6, ne sont plus en stock', 1, 1, 1),
(824, '2013-06-04 16:24:14', 17, 'Les articles, code 60875 en taille 7, ne sont plus en stock', 1, 1, 1),
(825, '2013-06-04 16:24:14', 17, 'Les articles, code 60875 en taille 8, ne sont plus en stock', 1, 1, 1),
(826, '2013-06-04 16:24:14', 17, 'Les articles, code 60864 en taille 0, ne sont plus en stock', 1, 1, 1),
(827, '2013-06-04 16:24:14', 17, 'Les articles, code 60864 en taille 1, ne sont plus en stock', 1, 1, 1),
(828, '2013-06-04 16:24:14', 17, 'Les articles, code 60864 en taille 2, ne sont plus en stock', 1, 1, 1),
(829, '2013-06-04 16:24:14', 17, 'Les articles, code 60864 en taille 3, ne sont plus en stock', 1, 1, 1),
(830, '2013-06-04 16:24:14', 17, 'Les articles, code 60864 en taille 4, ne sont plus en stock', 1, 1, 1),
(831, '2013-06-04 16:24:14', 17, 'Les articles, code 60864 en taille 5, ne sont plus en stock', 1, 1, 1),
(832, '2013-06-04 16:24:14', 17, 'Les articles, code 60864 en taille 6, ne sont plus en stock', 1, 1, 1),
(833, '2013-06-04 16:24:14', 17, 'Les articles, code 60864 en taille 7, ne sont plus en stock', 1, 1, 1),
(834, '2013-06-04 16:24:14', 17, 'Les articles, code 60864 en taille 8, ne sont plus en stock', 1, 1, 1),
(835, '2013-06-04 17:17:24', 17, 'Les articles, code 60875 en taille 0, 1, 2, 3, 4, 5, 6, 7, 8, ne sont plus en stock', 1, 1, 1),
(836, '2013-06-04 17:17:24', 17, 'Les articles, code 60864 en taille 0, 1, 2, 3, 4, 5, 6, 7, 8, ne sont plus en stock', 1, 1, 1),
(837, '2013-06-04 17:18:42', 17, 'Les articles, code 60875 en taille 0, 1, 2, 3, 4, 5, 6, 7, 8, ne sont plus en stock', 1, 1, 1),
(838, '2013-06-04 17:18:42', 17, 'Les articles, code 60864 en taille 0, 1, 2, 3, 4, 5, 6, 7, 8, ne sont plus en stock', 1, 1, 1),
(839, '2013-06-04 17:19:45', 17, 'Les articles, code 60875 en taille 0, 1, 2, 3, 4, 5, 6, 7, 8, ne sont plus en stock', 1, 1, 1),
(840, '2013-06-04 17:19:45', 17, 'Les articles, code 60864 en taille 0, 1, 2, 3, 4, 5, 6, 7, 8, ne sont plus en stock', 1, 1, 1),
(841, '2013-06-04 17:20:17', 17, 'Les articles, code 60875 en taille 0, 1, 2, 3, 4, 5, 6, 7, 8, ne sont plus en stock', 1, 1, 1),
(842, '2013-06-04 17:20:17', 17, 'Les articles, code 60864 en taille 0, 1, 2, 3, 4, 5, 6, 7, 8, ne sont plus en stock', 1, 1, 1),
(843, '2013-06-04 17:20:57', 17, 'Les articles, code 60875 en taille 0, 1, 2, 3, 4, 5, 6, 7, 8, ne sont plus en stock', 1, 1, 1),
(844, '2013-06-04 17:20:57', 17, 'Les articles, code 60864 en taille 0, 1, 2, 3, 4, 5, 6, 7, 8, ne sont plus en stock', 1, 1, 1),
(845, '2013-06-04 17:21:19', 17, 'Les articles, code 60875 en taille 0, 1, 2, 3, 4, 5, 6, 7, 8, ne sont plus en stock', 1, 1, 1),
(846, '2013-06-04 17:21:19', 17, 'Les articles, code 60864 en taille 0, 1, 2, 3, 4, 5, 6, 7, 8, ne sont plus en stock', 1, 1, 1),
(847, '2013-06-04 17:21:47', 17, 'Les articles, code 60875 en taille 0, 1, 2, 3, 4, 5, 6, 7, 8, ne sont plus en stock', 1, 1, 1),
(848, '2013-06-04 17:21:47', 17, 'Les articles, code 60864 en taille 0, 1, 2, 3, 4, 5, 6, 7, 8, ne sont plus en stock', 1, 1, 1),
(849, '2013-06-04 17:22:14', 17, 'Les articles, code 60875 en taille 0, 1, 2, 3, 4, 5, 6, 7, 8, ne sont plus en stock', 1, 1, 1),
(850, '2013-06-04 17:22:14', 17, 'Les articles, code 60864 en taille 0, 1, 2, 3, 4, 5, 6, 7, 8, ne sont plus en stock', 1, 1, 1),
(851, '2013-06-04 17:22:44', 17, 'Les articles, code 60875 en taille 0, 1, 2, 3, 4, 5, 6, 7, 8, ne sont plus en stock', 1, 1, 1),
(852, '2013-06-04 17:22:44', 17, 'Les articles, code 60864 en taille 0, 1, 2, 3, 4, 5, 6, 7, 8, ne sont plus en stock', 1, 1, 1),
(853, '2013-06-04 17:23:12', 17, 'Les articles, code 60875 en taille 0, 1, 2, 3, 4, 5, 6, 7, 8, ne sont plus en stock', 1, 1, 1),
(854, '2013-06-04 17:23:12', 17, 'Les articles, code 60864 en taille 0, 1, 2, 3, 4, 5, 6, 7, 8, ne sont plus en stock', 1, 1, 1),
(855, '2013-06-04 17:23:39', 17, 'Les articles, code 60875 en taille 0, 1, 2, 3, 4, 5, 6, 7, 8, ne sont plus en stock', 1, 1, 1),
(856, '2013-06-04 17:23:39', 17, 'Les articles, code 60864 en taille 0, 1, 2, 3, 4, 5, 6, 7, 8, ne sont plus en stock', 1, 1, 1),
(857, '2013-06-04 17:24:08', 17, 'Les articles, code 60875 en taille 0, 1, 2, 3, 4, 5, 6, 7, 8, ne sont plus en stock', 1, 1, 1),
(858, '2013-06-04 17:24:08', 17, 'Les articles, code 60864 en taille 0, 1, 2, 3, 4, 5, 6, 7, 8, ne sont plus en stock', 1, 1, 1),
(859, '2013-06-04 17:24:30', 17, 'Les articles, code 60875 en taille 0, 1, 2, 3, 4, 5, 6, 7, 8, ne sont plus en stock', 1, 1, 1),
(860, '2013-06-04 17:24:30', 17, 'Les articles, code 60864 en taille 0, 1, 2, 3, 4, 5, 6, 7, 8, ne sont plus en stock', 1, 1, 1),
(861, '2013-06-04 17:24:51', 17, 'Les articles, code 60875 en taille 0, 1, 2, 3, 4, 5, 6, 7, 8, ne sont plus en stock', 1, 1, 1),
(862, '2013-06-04 17:24:51', 17, 'Les articles, code 60864 en taille 0, 1, 2, 3, 4, 5, 6, 7, 8, ne sont plus en stock', 1, 1, 1),
(863, '2013-06-04 17:25:16', 17, 'Les articles, code 60875 en taille 0, 1, 2, 3, 4, 5, 6, 7, 8, ne sont plus en stock', 1, 1, 1),
(864, '2013-06-04 17:25:16', 17, 'Les articles, code 60864 en taille 0, 1, 2, 3, 4, 5, 6, 7, 8, ne sont plus en stock', 1, 1, 1),
(865, '2013-06-04 17:25:38', 17, 'Les articles, code 60875 en taille 0, 1, 2, 3, 4, 5, 6, 7, 8, ne sont plus en stock', 1, 1, 1),
(866, '2013-06-04 17:25:38', 17, 'Les articles, code 60864 en taille 0, 1, 2, 3, 4, 5, 6, 7, 8, ne sont plus en stock', 1, 1, 1),
(867, '2013-06-04 17:26:00', 17, 'Les articles, code 60875 en taille 0, 1, 2, 3, 4, 5, 6, 7, 8, ne sont plus en stock', 1, 1, 1),
(868, '2013-06-04 17:26:00', 17, 'Les articles, code 60864 en taille 0, 1, 2, 3, 4, 5, 6, 7, 8, ne sont plus en stock', 1, 1, 1),
(869, '2013-06-04 17:26:46', 17, 'Les articles, code 60875 en taille 0, 1, 2, 3, 4, 5, 6, 7, 8, ne sont plus en stock', 1, 1, 1),
(870, '2013-06-04 17:26:46', 17, 'Les articles, code 60864 en taille 0, 1, 2, 3, 4, 5, 6, 7, 8, ne sont plus en stock', 1, 1, 1),
(871, '2013-06-04 17:27:04', 17, 'Les articles, code 60875 en taille 0, 1, 2, 3, 4, 5, 6, 7, 8, ne sont plus en stock', 1, 1, 1),
(872, '2013-06-04 17:27:04', 17, 'Les articles, code 60864 en taille 0, 1, 2, 3, 4, 5, 6, 7, 8, ne sont plus en stock', 1, 1, 1),
(873, '2013-06-04 17:28:06', 17, 'Les articles, code 60875 en taille 0, 1, 2, 3, 4, 5, 6, 7, 8, ne sont plus en stock', 1, 1, 1),
(874, '2013-06-04 17:28:06', 17, 'Les articles, code 60864 en taille 0, 1, 2, 3, 4, 5, 6, 7, 8, ne sont plus en stock', 1, 1, 1),
(875, '2013-06-04 17:30:15', 17, 'Les articles, code 60875 en taille 0, 1, 2, 3, 4, 5, 6, 7, 8, ne sont plus en stock', 1, 1, 1),
(876, '2013-06-04 17:30:15', 17, 'Les articles, code 60864 en taille 0, 1, 2, 3, 4, 5, 6, 7, 8, ne sont plus en stock', 1, 1, 1),
(877, '2013-06-04 17:30:58', 17, 'Les articles, code 60875 en taille 0, 1, 2, 3, 4, 5, 6, 7, 8, ne sont plus en stock', 1, 1, 1),
(878, '2013-06-04 17:30:58', 17, 'Les articles, code 60864 en taille 0, 1, 2, 3, 4, 5, 6, 7, 8, ne sont plus en stock', 1, 1, 1),
(879, '2013-06-04 17:33:15', 17, 'Les articles, code 60875 en taille 0, 1, 2, 3, 4, 5, 6, 7, 8, ne sont plus en stock', 1, 1, 1),
(880, '2013-06-04 17:33:15', 17, 'Les articles, code 60864 en taille 0, 1, 2, 3, 4, 5, 6, 7, 8, ne sont plus en stock', 1, 1, 1),
(881, '2013-06-04 17:33:39', 17, 'Les articles, code 60875 en taille 0, 1, 2, 3, 4, 5, 6, 7, 8, ne sont plus en stock', 1, 1, 1),
(882, '2013-06-04 17:33:39', 17, 'Les articles, code 60864 en taille 0, 1, 2, 3, 4, 5, 6, 7, 8, ne sont plus en stock', 1, 1, 1),
(883, '2013-06-04 17:34:07', 17, 'Les articles, code 60875 en taille 0, 1, 2, 3, 4, 5, 6, 7, 8, ne sont plus en stock', 1, 1, 1),
(884, '2013-06-04 17:34:07', 17, 'Les articles, code 60864 en taille 0, 1, 2, 3, 4, 5, 6, 7, 8, ne sont plus en stock', 1, 1, 1),
(885, '2013-06-04 17:34:35', 17, 'Les articles, code 60875 en taille 0, 1, 2, 3, 4, 5, 6, 7, 8, ne sont plus en stock', 1, 1, 1),
(886, '2013-06-04 17:34:35', 17, 'Les articles, code 60864 en taille 0, 1, 2, 3, 4, 5, 6, 7, 8, ne sont plus en stock', 1, 1, 1),
(887, '2013-06-04 17:35:04', 17, 'Les articles, code 60875 en taille 0, 1, 2, 3, 4, 5, 6, 7, 8, ne sont plus en stock', 1, 1, 1),
(888, '2013-06-04 17:35:04', 17, 'Les articles, code 60864 en taille 0, 1, 2, 3, 4, 5, 6, 7, 8, ne sont plus en stock', 1, 1, 1),
(889, '2013-06-04 17:35:40', 17, 'Les articles, code 60875 en taille 0, 1, 2, 3, 4, 5, 6, 7, 8, ne sont plus en stock', 1, 1, 1),
(890, '2013-06-04 17:35:40', 17, 'Les articles, code 60864 en taille 0, 1, 2, 3, 4, 5, 6, 7, 8, ne sont plus en stock', 1, 1, 1),
(891, '2013-06-04 17:36:25', 17, 'Les articles, code 60875 en taille 0, 1, 2, 3, 4, 5, 6, 7, 8, ne sont plus en stock', 1, 1, 1),
(892, '2013-06-04 17:36:25', 17, 'Les articles, code 60864 en taille 0, 1, 2, 3, 4, 5, 6, 7, 8, ne sont plus en stock', 1, 1, 1),
(893, '2013-06-04 17:37:19', 17, 'Les articles, code 60875 en taille 0, 1, 2, 3, 4, 5, 6, 7, 8, ne sont plus en stock', 1, 1, 1),
(894, '2013-06-04 17:37:19', 17, 'Les articles, code 60864 en taille 0, 1, 2, 3, 4, 5, 6, 7, 8, ne sont plus en stock', 1, 1, 1),
(895, '2013-06-04 17:37:43', 17, 'Les articles, code 60875 en taille 0, 1, 2, 3, 4, 5, 6, 7, 8, ne sont plus en stock', 1, 1, 1),
(896, '2013-06-04 17:37:43', 17, 'Les articles, code 60864 en taille 0, 1, 2, 3, 4, 5, 6, 7, 8, ne sont plus en stock', 1, 1, 1),
(897, '2013-06-04 17:48:40', 17, 'Les articles, code 60875 en taille 0, 1, 2, 3, 4, 5, 6, 7, 8, ne sont plus en stock', 1, 1, 1),
(898, '2013-06-04 17:48:40', 17, 'Les articles, code 60864 en taille 0, 1, 2, 3, 4, 5, 6, 7, 8, ne sont plus en stock', 1, 1, 1),
(899, '2013-06-05 16:46:56', 3, 'Lecteur RFID non connecté', 0, 0, 1),
(900, '2013-06-05 16:54:45', 3, 'Lecteur RFID non connecté', 0, 0, 1),
(901, '2013-06-05 17:02:24', 3, 'Lecteur RFID non connecté', 0, 0, 1),
(902, '2013-06-05 17:08:51', 0, 'Pas de rail', 1, 0, 1),
(903, '2013-06-05 17:22:53', 10, '87 intrus inconnus détectés', 1, 1, 1),
(904, '2013-06-05 17:22:53', 17, 'Les articles, code 60875 en taille 0, 4, 1, 2, 5, 3, 6, 7, 8, ne sont plus en stock', 1, 1, 1),
(905, '2013-06-05 17:22:53', 17, 'Les articles, code 60864 en taille 0, 4, 1, 2, 5, 3, 6, 7, 8, ne sont plus en stock', 1, 1, 1),
(906, '2013-06-05 17:22:53', 17, 'Les articles, code 60880 en taille 0, 4, 1, 2, 5, 3, 6, 7, 8, ne sont plus en stock', 1, 1, 1),
(907, '2013-06-05 17:41:07', 0, 'Pas de rail', 1, 0, 1),
(908, '2013-06-05 17:44:36', 0, 'Pas de rail', 1, 0, 1),
(909, '2013-06-05 17:44:46', 17, 'Les articles, code 60875 en taille 0, 4, 1, 5, 2, 3, ne sont plus en stock', 1, 1, 1),
(910, '2013-06-05 17:44:46', 17, 'Les articles, code 60864 en taille 0, 4, 1, 5, 2, 3, ne sont plus en stock', 1, 1, 1),
(911, '2013-06-05 17:44:46', 17, 'Les articles, code 60880 en taille 0, 4, 1, 5, 2, 3, ne sont plus en stock', 1, 1, 1),
(912, '2013-06-05 17:47:53', 0, 'Pas de rail', 1, 0, 1),
(913, '2013-06-05 17:48:03', 17, 'Les articles, code 60864 en taille 0, 4, 1, 5, 2, 3, ne sont plus en stock', 1, 1, 1),
(914, '2013-06-05 17:48:03', 17, 'Les articles, code 60880 en taille 0, 4, 1, 5, 2, 3, ne sont plus en stock', 1, 1, 1),
(915, '2013-06-05 17:50:48', 17, 'Les articles, code 60864 en taille 0, 4, 1, 5, 2, 3, ne sont plus en stock', 1, 1, 1),
(916, '2013-06-05 17:50:48', 17, 'Les articles, code 60880 en taille 0, 4, 1, 5, 2, 3, ne sont plus en stock', 1, 1, 1),
(917, '2013-06-05 17:54:47', 9, '1 articles commandés non retirés par rapport à la commande.', 2, 1, 1),
(918, '2013-06-05 17:54:47', 10, '1 articles retirés en excès par rapport à la commande.', 2, 1, 1),
(919, '2013-06-05 17:54:47', 17, 'Les articles, code 60864 en taille 0, 4, 1, 5, 2, 3, ne sont plus en stock', 2, 1, 1),
(920, '2013-06-05 17:54:47', 17, 'Les articles, code 60880 en taille 0, 4, 1, 5, 2, 3, ne sont plus en stock', 2, 1, 1),
(921, '2013-06-05 17:55:32', 10, '1 articles retirés en excès par rapport à la commande.', 2, 1, 1),
(922, '2013-06-05 17:55:32', 17, 'Les articles, code 60864 en taille 0, 4, 1, 5, 2, 3, ne sont plus en stock', 2, 1, 1),
(923, '2013-06-05 17:55:32', 17, 'Les articles, code 60880 en taille 0, 4, 1, 5, 2, 3, ne sont plus en stock', 2, 1, 1),
(924, '2013-06-05 17:58:55', 9, '1 articles commandés non retirés par rapport à la commande.', 2, 1, 1),
(925, '2013-06-05 17:58:55', 10, '1 intrus connus détectés', 2, 1, 1),
(926, '2013-06-05 17:58:55', 17, 'Les articles, code 60864 en taille 0, 4, 1, 5, 2, 3, ne sont plus en stock', 2, 1, 1),
(927, '2013-06-05 17:58:55', 17, 'Les articles, code 60880 en taille 0, 4, 1, 5, 2, 3, ne sont plus en stock', 2, 1, 1),
(928, '2013-06-05 18:04:39', 17, 'Les articles, code 60864 en taille 0, 4, 1, 5, 2, 3, ne sont plus en stock', 1, 1, 1),
(929, '2013-06-05 18:04:39', 17, 'Les articles, code 60880 en taille 0, 4, 1, 5, 2, 3, ne sont plus en stock', 1, 1, 1),
(930, '2013-06-05 18:06:05', 9, '1 articles commandés non retirés par rapport à la commande.', 2, 1, 1),
(931, '2013-06-05 18:06:05', 17, 'Les articles, code 60864 en taille 0, 4, 1, 5, 2, 3, ne sont plus en stock', 2, 1, 1),
(932, '2013-06-05 18:06:05', 17, 'Les articles, code 60880 en taille 0, 4, 1, 5, 2, 3, ne sont plus en stock', 2, 1, 1),
(933, '2013-06-05 18:08:05', 10, '1 articles retirés en excès par rapport à la commande.', 2, 1, 1),
(934, '2013-06-05 18:08:05', 17, 'Les articles, code 60864 en taille 0, 4, 1, 5, 2, 3, ne sont plus en stock', 2, 1, 1),
(935, '2013-06-05 18:08:05', 17, 'Les articles, code 60880 en taille 0, 4, 1, 5, 2, 3, ne sont plus en stock', 2, 1, 1),
(936, '2013-06-05 18:10:52', 17, 'Les articles, code 60864 en taille 0, 4, 1, 5, 2, 3, ne sont plus en stock', 1, 1, 1),
(937, '2013-06-05 18:10:52', 17, 'Les articles, code 60880 en taille 0, 4, 1, 5, 2, 3, ne sont plus en stock', 1, 1, 1),
(938, '2013-06-05 18:35:07', 17, 'Les articles, code 60864 en taille 0, 4, 1, 5, 2, 3, ne sont plus en stock', 1, 1, 1),
(939, '2013-06-05 18:35:08', 17, 'Les articles, code 60880 en taille 0, 4, 1, 5, 2, 3, ne sont plus en stock', 1, 1, 1),
(940, '2013-06-05 18:39:00', 17, 'Les articles, code 60864 en taille 0, 4, 1, 5, 2, 3, ne sont plus en stock', 2, 1, 1),
(941, '2013-06-05 18:39:00', 17, 'Les articles, code 60880 en taille 0, 4, 1, 5, 2, 3, ne sont plus en stock', 2, 1, 1),
(942, '2013-06-05 18:40:49', 17, 'Les articles, code 60864 en taille 0, 4, 1, 5, 2, 3, ne sont plus en stock', 1, 1, 1),
(943, '2013-06-05 18:40:49', 17, 'Les articles, code 60880 en taille 0, 4, 1, 5, 2, 3, ne sont plus en stock', 1, 1, 1),
(944, '2013-06-05 18:49:05', 10, '1 articles retirés en excès par rapport à la commande.', 2, 1, 1),
(945, '2013-06-05 18:49:05', 10, '2 intrus connus détectés', 2, 1, 1),
(946, '2013-06-05 18:49:05', 17, 'Les articles, code 60864 en taille 0, 4, 1, 5, 2, 3, ne sont plus en stock', 2, 1, 1),
(947, '2013-06-05 18:49:05', 17, 'Les articles, code 60880 en taille 0, 4, 1, 5, 2, 3, ne sont plus en stock', 2, 1, 1),
(948, '2013-06-05 18:53:02', 17, 'Les articles, code 60864 en taille 0, 4, 1, 5, 2, 3, ne sont plus en stock', 1, 1, 1),
(949, '2013-06-05 18:53:02', 17, 'Les articles, code 60880 en taille 0, 4, 1, 5, 2, 3, ne sont plus en stock', 1, 1, 1),
(950, '2013-06-06 08:19:00', 17, 'Les articles, code 60864 en taille 0, 4, 1, 5, 2, 3, ne sont plus en stock', 1, 1, 1),
(951, '2013-06-06 08:19:00', 17, 'Les articles, code 60880 en taille 0, 4, 1, 5, 2, 3, ne sont plus en stock', 1, 1, 1),
(952, '2013-06-06 08:27:55', 17, 'Les articles, code 60864 en taille 0, 4, 1, 5, 2, 3, ne sont plus en stock', 1, 1, 1),
(953, '2013-06-06 08:27:55', 17, 'Les articles, code 60880 en taille 0, 4, 1, 5, 2, 3, ne sont plus en stock', 1, 1, 1),
(954, '2013-06-06 09:19:12', 0, 'Pas de rail', 1, 0, 1),
(955, '2013-06-06 09:19:13', 2, 'Carte LED non présente', 0, 0, 1),
(956, '2013-06-06 09:19:16', 3, 'Lecteur RFID non connecté', 0, 0, 1),
(957, '2013-06-06 09:53:07', 0, 'Pas de rail', 1, 0, 1),
(958, '2013-06-06 09:53:08', 2, 'Carte LED non présente', 0, 0, 1),
(959, '2013-06-06 09:53:15', 3, 'Lecteur RFID non connecté', 0, 0, 1),
(960, '2013-06-06 09:54:48', 17, 'Les articles, code 60864 en taille 0, 4, 1, 5, 2, 3, ne sont plus en stock', 2, 1, 1),
(961, '2013-06-06 09:54:48', 17, 'Les articles, code 60880 en taille 0, 4, 1, 5, 2, 3, ne sont plus en stock', 2, 1, 1),
(962, '2013-06-06 09:55:47', 17, 'Les articles, code 60864 en taille 0, 4, 1, 5, 2, 3, ne sont plus en stock', 1, 1, 1),
(963, '2013-06-06 09:55:47', 17, 'Les articles, code 60880 en taille 0, 4, 1, 5, 2, 3, ne sont plus en stock', 1, 1, 1),
(964, '2013-06-06 10:04:52', 9, '1 articles commandés non retirés par rapport à la commande.', 2, 1, 1),
(965, '2013-06-06 10:04:52', 10, '1 articles retirés en excès par rapport à la commande.', 2, 1, 1),
(966, '2013-06-06 10:04:52', 10, '1 intrus connus détectés', 2, 1, 1),
(967, '2013-06-06 10:04:52', 17, 'Les articles, code 60864 en taille 0, 4, 1, 5, 2, 3, ne sont plus en stock', 2, 1, 1),
(968, '2013-06-06 10:04:52', 17, 'Les articles, code 60880 en taille 0, 4, 1, 5, 2, 3, ne sont plus en stock', 2, 1, 1),
(969, '2013-06-06 10:08:12', 10, '1 intrus connus détectés', 2, 1, 1),
(970, '2013-06-06 10:08:12', 17, 'Les articles, code 60864 en taille 0, 4, 1, 5, 2, 3, ne sont plus en stock', 2, 1, 1),
(971, '2013-06-06 10:08:12', 17, 'Les articles, code 60880 en taille 0, 4, 1, 5, 2, 3, ne sont plus en stock', 2, 1, 1),
(972, '2013-06-06 10:16:17', 17, 'Les articles, code 60864 en taille 0, 4, 1, 5, 2, 3, ne sont plus en stock', 1, 1, 1),
(973, '2013-06-06 10:16:17', 17, 'Les articles, code 60880 en taille 0, 4, 1, 5, 2, 3, ne sont plus en stock', 1, 1, 1),
(974, '2013-06-06 10:45:42', 10, '1 articles retirés en excès par rapport à la commande.', 2, 1, 1),
(975, '2013-06-06 10:45:42', 17, 'Les articles, code 60864 en taille 0, 4, 1, 5, 2, 3, ne sont plus en stock', 2, 1, 1),
(976, '2013-06-06 10:45:42', 17, 'Les articles, code 60880 en taille 0, 4, 1, 5, 2, 3, ne sont plus en stock', 2, 1, 1),
(977, '2013-06-06 11:16:25', 10, '1 intrus connus détectés', 2, 1, 1),
(978, '2013-06-06 11:16:25', 17, 'Les articles, code 60864 en taille 0, 4, 1, 5, 2, 3, ne sont plus en stock', 2, 1, 1),
(979, '2013-06-06 11:16:25', 17, 'Les articles, code 60880 en taille 0, 4, 1, 5, 2, 3, ne sont plus en stock', 2, 1, 1),
(980, '2013-06-06 11:36:10', 10, '1 intrus connus détectés', 2, 1, 1),
(981, '2013-06-06 11:36:10', 17, 'Les articles, code 60864 en taille 0, 4, 1, 5, 2, 3, ne sont plus en stock', 2, 1, 1),
(982, '2013-06-06 11:36:10', 17, 'Les articles, code 60880 en taille 0, 4, 1, 5, 2, 3, ne sont plus en stock', 2, 1, 1),
(983, '2013-06-06 12:02:59', 10, '1 articles retirés en excès par rapport à la commande.', 2, 1, 1),
(984, '2013-06-06 12:02:59', 16, 'PORTEUR DEMO possède un crédit égal a zéro', 2, 1, 1),
(985, '2013-06-06 12:02:59', 17, 'Les articles, code 60864 en taille 0, 4, 1, 5, 2, 3, ne sont plus en stock', 2, 1, 1),
(986, '2013-06-06 12:02:59', 17, 'Les articles, code 60880 en taille 0, 4, 1, 5, 2, 3, ne sont plus en stock', 2, 1, 1),
(987, '2013-06-06 12:36:08', 9, '1 articles commandés non retirés par rapport à la commande.', 2, 1, 1),
(988, '2013-06-06 12:36:08', 10, '1 articles retirés en excès par rapport à la commande.', 2, 1, 1),
(989, '2013-06-06 12:36:08', 17, 'Les articles, code 60864 en taille 0, 4, 1, 5, 2, 3, ne sont plus en stock', 2, 1, 1),
(990, '2013-06-06 12:36:08', 17, 'Les articles, code 60880 en taille 0, 4, 1, 5, 2, 3, ne sont plus en stock', 2, 1, 1),
(991, '2013-06-06 13:29:47', 9, '1 articles commandés non retirés par rapport à la commande.', 2, 1, 1),
(992, '2013-06-06 13:29:47', 17, 'Les articles, code 60864 en taille 0, 4, 1, 5, 2, 3, ne sont plus en stock', 2, 1, 1),
(993, '2013-06-06 13:29:47', 17, 'Les articles, code 60880 en taille 0, 4, 1, 5, 2, 3, ne sont plus en stock', 2, 1, 1),
(994, '2013-06-06 14:25:09', 17, 'Les articles, code 60864 en taille 0, 4, 1, 5, 2, 3, ne sont plus en stock', 1, 1, 1),
(995, '2013-06-06 14:25:09', 17, 'Les articles, code 60880 en taille 0, 4, 1, 5, 2, 3, ne sont plus en stock', 1, 1, 1),
(996, '2013-06-06 15:41:38', 10, '1 intrus connus détectés', 2, 1, 1),
(997, '2013-06-06 15:41:38', 17, 'Les articles, code 60864 en taille 0, 4, 1, 5, 2, 3, ne sont plus en stock', 2, 1, 1),
(998, '2013-06-06 15:41:38', 17, 'Les articles, code 60880 en taille 0, 4, 1, 5, 2, 3, ne sont plus en stock', 2, 1, 1),
(999, '2013-06-06 15:46:50', 9, '1 articles commandés non retirés par rapport à la commande.', 2, 1, 1),
(1000, '2013-06-06 15:46:50', 10, '1 articles retirés en excès par rapport à la commande.', 2, 1, 1),
(1001, '2013-06-06 15:46:50', 17, 'Les articles, code 60864 en taille 0, 4, 1, 5, 2, 3, ne sont plus en stock', 2, 1, 1),
(1002, '2013-06-06 15:46:50', 17, 'Les articles, code 60880 en taille 0, 4, 1, 5, 2, 3, ne sont plus en stock', 2, 1, 1),
(1003, '2013-06-06 15:58:44', 17, 'Les articles, code 60864 en taille 0, 4, 1, 5, 2, 3, ne sont plus en stock', 1, 1, 1),
(1004, '2013-06-06 15:58:44', 17, 'Les articles, code 60880 en taille 0, 4, 1, 5, 2, 3, ne sont plus en stock', 1, 1, 1),
(1005, '2013-06-07 14:53:24', 17, 'Les articles, code 60864 en taille 0, 4, 1, 5, 2, 3, ne sont plus en stock', 1, 1, 1),
(1006, '2013-06-07 14:53:24', 17, 'Les articles, code 60880 en taille 0, 4, 1, 5, 2, 3, ne sont plus en stock', 1, 1, 1),
(1007, '2013-06-07 14:54:21', 9, '1 articles commandés non retirés par rapport à la commande.', 2, 1, 1),
(1008, '2013-06-07 14:54:22', 17, 'Les articles, code 60864 en taille 0, 4, 1, 5, 2, 3, ne sont plus en stock', 2, 1, 1),
(1009, '2013-06-07 14:54:22', 17, 'Les articles, code 60880 en taille 0, 4, 1, 5, 2, 3, ne sont plus en stock', 2, 1, 1),
(1010, '2013-06-07 14:55:28', 9, '1 articles commandés non retirés par rapport à la commande.', 2, 1, 1),
(1011, '2013-06-07 14:55:28', 10, '1 articles retirés en excès par rapport à la commande.', 2, 1, 1),
(1012, '2013-06-07 14:55:28', 17, 'Les articles, code 60864 en taille 0, 4, 1, 5, 2, 3, ne sont plus en stock', 2, 1, 1),
(1013, '2013-06-07 14:55:28', 17, 'Les articles, code 60880 en taille 0, 4, 1, 5, 2, 3, ne sont plus en stock', 2, 1, 1),
(1014, '2013-06-07 15:07:18', 17, 'Les articles, code 60864 en taille 0, 4, 1, 5, 2, 3, ne sont plus en stock', 1, 1, 1),
(1015, '2013-06-07 15:07:18', 17, 'Les articles, code 60880 en taille 0, 4, 1, 5, 2, 3, ne sont plus en stock', 1, 1, 1),
(1016, '2013-06-07 15:07:47', 9, '1 articles commandés non retirés par rapport à la commande.', 2, 1, 1),
(1017, '2013-06-07 15:07:47', 10, '1 articles retirés en excès par rapport à la commande.', 2, 1, 1),
(1018, '2013-06-07 15:07:47', 17, 'Les articles, code 60864 en taille 0, 4, 1, 5, 2, 3, ne sont plus en stock', 2, 1, 1),
(1019, '2013-06-07 15:07:47', 17, 'Les articles, code 60880 en taille 0, 4, 1, 5, 2, 3, ne sont plus en stock', 2, 1, 1),
(1020, '2013-06-07 15:10:17', 10, '2 articles retirés en excès par rapport à la commande.', 2, 1, 1),
(1021, '2013-06-07 15:10:17', 17, 'Les articles, code 60864 en taille 0, 4, 1, 5, 2, 3, ne sont plus en stock', 2, 1, 1),
(1022, '2013-06-07 15:10:17', 17, 'Les articles, code 60880 en taille 0, 4, 1, 5, 2, 3, ne sont plus en stock', 2, 1, 1),
(1023, '2013-06-07 15:12:55', 3, 'Connexion au lecteur RFID Armoire perdue', 0, 0, 1),
(1024, '2013-06-07 15:19:17', 13, 'Armoire ouverte depuis plus de 30 secondes', 2, 1, 1),
(1025, '2013-06-07 15:20:07', 9, '1 articles commandés non retirés par rapport à la commande.', 2, 1, 1),
(1026, '2013-06-07 15:20:07', 17, 'Les articles, code 60864 en taille 0, 4, 1, 5, 2, 3, ne sont plus en stock', 2, 1, 1),
(1027, '2013-06-07 15:20:07', 17, 'Les articles, code 60880 en taille 0, 4, 1, 5, 2, 3, ne sont plus en stock', 2, 1, 1),
(1028, '2013-06-07 15:35:20', 10, '20 intrus inconnus détectés', 1, 1, 1),
(1029, '2013-06-07 15:35:20', 17, 'Les articles, code 60864 en taille 0, 4, 1, 5, 2, 3, ne sont plus en stock', 1, 1, 1),
(1030, '2013-06-07 15:35:20', 17, 'Les articles, code 60880 en taille 0, 4, 1, 5, 2, 3, ne sont plus en stock', 1, 1, 1),
(1031, '2013-06-07 15:38:38', 9, '1 articles commandés non retirés par rapport à la commande.', 2, 1, 1),
(1032, '2013-06-07 15:38:38', 17, 'Les articles, code 60864 en taille 0, 4, 1, 5, 2, 3, ne sont plus en stock', 2, 1, 1),
(1033, '2013-06-07 15:38:38', 17, 'Les articles, code 60880 en taille 0, 4, 1, 5, 2, 3, ne sont plus en stock', 2, 1, 1),
(1034, '2013-06-07 15:42:43', 17, 'Les articles, code 60864 en taille 0, 4, 1, 5, 2, 3, ne sont plus en stock', 1, 1, 1),
(1035, '2013-06-07 15:42:43', 17, 'Les articles, code 60880 en taille 0, 4, 1, 5, 2, 3, ne sont plus en stock', 1, 1, 1),
(1036, '2013-06-07 15:43:22', 9, '1 articles commandés non retirés par rapport à la commande.', 2, 1, 1),
(1037, '2013-06-07 15:43:22', 10, '1 articles retirés en excès par rapport à la commande.', 2, 1, 1),
(1038, '2013-06-07 15:43:22', 10, '1 intrus inconnus détectés', 2, 1, 1),
(1039, '2013-06-07 15:43:22', 17, 'Les articles, code 60880 en taille 0, 4, 1, 5, 2, 3, ne sont plus en stock', 2, 1, 1),
(1040, '2013-06-07 16:11:15', 17, 'Les articles, code 60880 en taille 0, 4, 1, 5, 2, 3, ne sont plus en stock', 1, 1, 1),
(1041, '2013-06-07 16:14:35', 17, 'Les articles, code 60880 en taille 0, 4, 1, 5, 2, 3, ne sont plus en stock', 2, 1, 1),
(1042, '2013-06-07 16:19:28', 17, 'Les articles, code 60880 en taille 0, 4, 1, 5, 2, 3, ne sont plus en stock', 1, 1, 1),
(1043, '2013-06-07 16:20:25', 17, 'Les articles, code 60880 en taille 0, 4, 1, 5, 2, 3, ne sont plus en stock', 2, 1, 1),
(1044, '2013-06-07 16:26:21', 17, 'Les articles, code 60880 en taille 0, 4, 1, 5, 2, 3, ne sont plus en stock', 1, 1, 1),
(1045, '2013-06-07 16:44:31', 17, 'Les articles, code 60880 en taille 0, 4, 1, 5, 2, 3, ne sont plus en stock', 1, 1, 1),
(1046, '2013-06-07 16:45:43', 17, 'Les articles, code 60880 en taille 0, 4, 1, 5, 2, 3, ne sont plus en stock', 2, 1, 1),
(1047, '2013-06-07 16:47:53', 17, 'Les articles, code 60880 en taille 0, 4, 1, 5, 2, 3, ne sont plus en stock', 1, 1, 1),
(1048, '2013-06-07 16:48:41', 17, 'Les articles, code 60880 en taille 0, 4, 1, 5, 2, 3, ne sont plus en stock', 2, 1, 1),
(1049, '2013-06-07 17:06:07', 17, 'Les articles, code 60880 en taille 0, 4, 1, 5, 2, 3, ne sont plus en stock', 1, 1, 1),
(1050, '2013-06-07 17:06:35', 16, 'PORTEUR DEMO possède un crédit égal a zéro', 2, 1, 1),
(1051, '2013-06-07 17:06:35', 17, 'Les articles, code 60880 en taille 0, 4, 1, 5, 2, 3, ne sont plus en stock', 2, 1, 1),
(1052, '2013-06-07 17:12:42', 17, 'Les articles, code 60880 en taille 0, 4, 1, 5, 2, 3, ne sont plus en stock', 1, 1, 1),
(1053, '2013-06-07 17:13:13', 16, 'PORTEUR DEMO possède un crédit égal a zéro', 2, 1, 1),
(1054, '2013-06-07 17:13:13', 17, 'Les articles, code 60880 en taille 0, 4, 1, 5, 2, 3, ne sont plus en stock', 2, 1, 1),
(1055, '2013-06-07 17:22:01', 17, 'Les articles, code 60880 en taille 0, 4, 1, 5, 2, 3, ne sont plus en stock', 1, 1, 1),
(1056, '2013-06-07 17:25:09', 9, '1 articles commandés non retirés par rapport à la commande.', 2, 1, 1),
(1057, '2013-06-07 17:25:09', 17, 'Les articles, code 60880 en taille 0, 4, 1, 5, 2, 3, ne sont plus en stock', 2, 1, 1),
(1058, '2013-06-07 17:32:16', 17, 'Les articles, code 60880 en taille 0, 4, 1, 5, 2, 3, ne sont plus en stock', 1, 1, 1),
(1059, '2013-06-07 17:32:53', 9, '1 articles commandés non retirés par rapport à la commande.', 3, 1, 1),
(1060, '2013-06-07 17:32:53', 10, '1 articles retirés en excès par rapport à la commande.', 3, 1, 1),
(1061, '2013-06-07 17:32:53', 17, 'Les articles, code 60880 en taille 0, 4, 1, 5, 2, 3, ne sont plus en stock', 3, 1, 1),
(1062, '2013-06-07 17:34:43', 3, 'Connexion au lecteur RFID Armoire perdue', 0, 0, 1),
(1063, '2013-06-07 17:39:32', 3, 'Connexion au lecteur RFID Armoire perdue', 0, 0, 1),
(1064, '2013-06-07 17:39:43', 3, 'Connexion au lecteur RFID Armoire perdue', 0, 0, 1),
(1065, '2013-06-07 17:39:53', 3, 'Connexion au lecteur RFID Armoire perdue', 0, 0, 1),
(1066, '2013-06-07 17:40:52', 3, 'Connexion au lecteur RFID Armoire perdue', 0, 0, 1),
(1067, '2013-06-07 17:41:03', 3, 'Connexion au lecteur RFID Armoire perdue', 0, 0, 1),
(1068, '2013-06-07 17:41:13', 3, 'Connexion au lecteur RFID Armoire perdue', 0, 0, 1),
(1069, '2013-06-07 17:57:49', 3, 'Connexion au lecteur RFID Armoire perdue', 0, 0, 1),
(1070, '2013-06-07 17:57:59', 3, 'Connexion au lecteur RFID Armoire perdue', 0, 0, 1),
(1071, '2013-06-07 17:58:10', 3, 'Connexion au lecteur RFID Armoire perdue', 0, 0, 1),
(1072, '2013-06-07 17:58:20', 3, 'Connexion au lecteur RFID Armoire perdue', 0, 0, 1),
(1073, '2013-06-07 17:58:31', 3, 'Connexion au lecteur RFID Armoire perdue', 0, 0, 1),
(1074, '2013-06-07 18:13:19', 17, 'Les articles, code 60880 en taille 0, 4, 1, 5, 2, 3, ne sont plus en stock', 1, 1, 1),
(1075, '2013-06-07 18:14:09', 17, 'Les articles, code 60880 en taille 0, 4, 1, 5, 2, 3, ne sont plus en stock', 3, 1, 1),
(1076, '2013-06-07 18:31:07', 3, 'Connexion au lecteur RFID Armoire perdue', 0, 0, 1),
(1077, '2013-06-07 18:35:29', 3, 'Connexion au lecteur RFID Restitution perdue', 0, 0, 1),
(1078, '2013-06-07 18:45:53', 3, 'Connexion au lecteur RFID Restitution perdue', 0, 0, 1),
(1079, '2013-06-07 18:50:43', 3, 'Connexion au lecteur RFID Armoire perdue', 0, 0, 1),
(1080, '2013-06-07 18:50:53', 3, 'Connexion au lecteur RFID Armoire perdue', 0, 0, 1),
(1081, '2013-06-07 18:51:04', 3, 'Connexion au lecteur RFID Armoire perdue', 0, 0, 1),
(1082, '2013-06-07 18:51:14', 3, 'Connexion au lecteur RFID Armoire perdue', 0, 0, 1),
(1083, '2013-06-07 18:53:55', 17, 'Les articles, code 60880 en taille 0, 4, 1, 5, 2, 3, ne sont plus en stock', 1, 1, 1),
(1084, '2013-06-07 18:54:28', 17, 'Les articles, code 60880 en taille 0, 4, 1, 5, 2, 3, ne sont plus en stock', 3, 1, 1),
(1085, '2013-06-07 19:00:20', 17, 'Les articles, code 60880 en taille 0, 4, 1, 5, 2, 3, ne sont plus en stock', 1, 1, 1),
(1086, '2013-06-07 19:00:43', 17, 'Les articles, code 60880 en taille 0, 4, 1, 5, 2, 3, ne sont plus en stock', 3, 1, 1),
(1087, '2013-06-10 09:21:19', 17, 'Les articles, code 60880 en taille 0, 4, 1, 5, 2, 3, ne sont plus en stock', 1, 1, 1),
(1088, '2013-06-10 09:22:17', 17, 'Les articles, code 60880 en taille 0, 4, 1, 5, 2, 3, ne sont plus en stock', 3, 1, 1),
(1089, '2013-06-10 09:30:24', 17, 'Les articles, code 60880 en taille 0, 4, 1, 5, 2, 3, ne sont plus en stock', 1, 1, 1),
(1090, '2013-06-10 09:30:50', 17, 'Les articles, code 60880 en taille 0, 4, 1, 5, 2, 3, ne sont plus en stock', 3, 1, 1),
(1091, '2013-06-10 10:09:29', 17, 'Les articles, code 60880 en taille 0, 4, 1, 5, 2, 3, ne sont plus en stock', 1, 1, 1),
(1092, '2013-06-10 10:14:11', 17, 'Les articles, code 60880 en taille 0, 4, 1, 5, 2, 3, ne sont plus en stock', 1, 1, 1),
(1093, '2013-06-10 10:14:54', 17, 'Les articles, code 60880 en taille 0, 4, 1, 5, 2, 3, ne sont plus en stock', 3, 1, 1),
(1094, '2013-06-10 10:18:45', 3, 'Connexion au lecteur RFID Armoire perdue', 0, 0, 1),
(1095, '2013-06-10 10:24:59', 17, 'Les articles, code 60880 en taille 0, 4, 1, 5, 2, 3, ne sont plus en stock', 1, 1, 1),
(1096, '2013-06-10 10:25:27', 17, 'Les articles, code 60880 en taille 0, 4, 1, 5, 2, 3, ne sont plus en stock', 3, 1, 1),
(1097, '2013-06-10 10:48:01', 17, 'Les articles, code 60880 en taille 0, 4, 1, 5, 2, 3, ne sont plus en stock', 1, 1, 1),
(1098, '2013-06-10 10:48:29', 17, 'Les articles, code 60880 en taille 0, 4, 1, 5, 2, 3, ne sont plus en stock', 3, 1, 1),
(1099, '2013-06-10 10:49:50', 3, 'Connexion au lecteur RFID Restitution perdue', 0, 0, 1),
(1100, '2013-06-10 10:55:48', 17, 'Les articles, code 60880 en taille 0, 4, 1, 5, 2, 3, ne sont plus en stock', 1, 1, 1),
(1101, '2013-06-10 11:19:55', 16, 'SATSKI MY possède un crédit égal a zéro', 3, 1, 1),
(1102, '2013-06-10 11:19:55', 17, 'Les articles, code 60880 en taille 0, 4, 1, 5, 2, 3, ne sont plus en stock', 3, 1, 1),
(1103, '2013-06-10 11:32:16', 17, 'Les articles, code 60880 en taille 0, 4, 1, 5, 2, 3, ne sont plus en stock', 1, 1, 1),
(1104, '2013-06-10 11:34:48', 3, 'Connexion au lecteur RFID Restitution perdue', 0, 0, 1),
(1105, '2013-06-10 11:38:25', 17, 'Les articles, code 60880 en taille 0, 4, 1, 5, 2, 3, ne sont plus en stock', 3, 1, 1),
(1106, '2013-06-10 11:46:12', 17, 'Les articles, code 60880 en taille 0, 4, 1, 5, 2, 3, ne sont plus en stock', 1, 1, 1),
(1107, '2013-06-10 11:46:46', 9, '1 articles commandés non retirés par rapport à la commande.', 3, 1, 1),
(1108, '2013-06-10 11:46:46', 17, 'Les articles, code 60880 en taille 0, 4, 1, 5, 2, 3, ne sont plus en stock', 3, 1, 1),
(1109, '2013-06-10 11:49:07', 17, 'Les articles, code 60880 en taille 0, 4, 1, 5, 2, 3, ne sont plus en stock', 1, 1, 1),
(1110, '2013-06-10 11:49:37', 9, '1 articles commandés non retirés par rapport à la commande.', 3, 1, 1),
(1111, '2013-06-10 11:49:37', 10, '1 articles retirés en excès par rapport à la commande.', 3, 1, 1),
(1112, '2013-06-10 11:49:38', 17, 'Les articles, code 60880 en taille 0, 4, 1, 5, 2, 3, ne sont plus en stock', 3, 1, 1),
(1113, '2013-06-10 12:00:02', 17, 'Les articles, code 60880 en taille 0, 4, 1, 5, 2, 3, ne sont plus en stock', 1, 1, 1),
(1114, '2013-06-10 12:00:33', 17, 'Les articles, code 60880 en taille 0, 4, 1, 5, 2, 3, ne sont plus en stock', 3, 1, 1),
(1115, '2013-06-10 12:11:26', 17, 'Les articles, code 60880 en taille 0, 4, 1, 5, 2, 3, ne sont plus en stock', 1, 1, 1),
(1116, '2013-06-10 12:12:20', 17, 'Les articles, code 60880 en taille 0, 4, 1, 5, 2, 3, ne sont plus en stock', 3, 1, 1),
(1117, '2013-06-10 12:19:26', 17, 'Les articles, code 60880 en taille 0, 4, 1, 5, 2, 3, ne sont plus en stock', 1, 1, 1),
(1118, '2013-06-10 12:20:00', 16, 'SATSKI MY possède un crédit égal a zéro', 3, 1, 1),
(1119, '2013-06-10 12:20:00', 17, 'Les articles, code 60880 en taille 0, 4, 1, 5, 2, 3, ne sont plus en stock', 3, 1, 1),
(1120, '2013-06-10 12:51:25', 17, 'Les articles, code 60880 en taille 0, 4, 1, 5, 2, 3, ne sont plus en stock', 1, 1, 1),
(1121, '2013-06-10 13:06:10', 3, 'Connexion au lecteur RFID Armoire perdue', 0, 0, 1),
(1122, '2013-06-10 15:53:26', 3, 'Connexion au lecteur RFID Armoire perdue', 0, 0, 1),
(1123, '2013-06-10 15:57:48', 3, 'Connexion au lecteur RFID Armoire perdue', 0, 0, 1),
(1124, '2013-06-10 17:23:27', 3, 'Connexion au lecteur RFID Armoire perdue', 0, 0, 1),
(1125, '2013-06-10 17:42:53', 3, 'Connexion au lecteur RFID Armoire perdue', 0, 0, 1),
(1126, '2013-06-10 18:59:34', 3, 'Connexion au lecteur RFID Armoire perdue', 0, 0, 1),
(1127, '2013-06-10 20:55:14', 3, 'Connexion au lecteur RFID Armoire perdue', 0, 0, 1),
(1128, '2013-06-10 21:47:47', 3, 'Connexion au lecteur RFID Armoire perdue', 0, 0, 1),
(1129, '2013-06-10 22:13:34', 3, 'Connexion au lecteur RFID Armoire perdue', 0, 0, 1),
(1130, '2013-06-11 03:05:57', 3, 'Connexion au lecteur RFID Armoire perdue', 0, 0, 1),
(1131, '2013-06-11 15:57:00', 0, 'Pas de rail', 1, 0, 1),
(1132, '2013-06-11 15:57:12', 3, 'Lecteur RFID non connecté', 0, 0, 1),
(1133, '2013-06-11 16:11:27', 17, 'Les articles, code 60880 en taille 0, 4, 1, 5, 2, 3, ne sont plus en stock', 1, 1, 1),
(1134, '2013-06-11 16:22:16', 3, 'Connexion au lecteur RFID Restitution perdue', 0, 0, 1),
(1135, '2013-06-11 16:22:26', 3, 'Connexion au lecteur RFID Restitution perdue', 0, 0, 1),
(1136, '2013-06-11 16:22:37', 3, 'Connexion au lecteur RFID Restitution perdue', 0, 0, 1),
(1137, '2013-06-11 16:22:47', 3, 'Connexion au lecteur RFID Restitution perdue', 0, 0, 1),
(1138, '2013-06-11 16:22:58', 3, 'Connexion au lecteur RFID Restitution perdue', 0, 0, 1),
(1139, '2013-06-11 16:23:08', 3, 'Connexion au lecteur RFID Restitution perdue', 0, 0, 1),
(1140, '2013-06-11 16:23:19', 3, 'Connexion au lecteur RFID Restitution perdue', 0, 0, 1),
(1141, '2013-06-11 16:23:29', 3, 'Connexion au lecteur RFID Restitution perdue', 0, 0, 1),
(1142, '2013-06-11 16:23:40', 3, 'Connexion au lecteur RFID Restitution perdue', 0, 0, 1),
(1143, '2013-06-11 16:23:50', 3, 'Connexion au lecteur RFID Restitution perdue', 0, 0, 1),
(1144, '2013-06-11 16:24:01', 3, 'Connexion au lecteur RFID Restitution perdue', 0, 0, 1),
(1145, '2013-06-11 16:24:11', 3, 'Connexion au lecteur RFID Restitution perdue', 0, 0, 1),
(1146, '2013-06-11 16:24:22', 3, 'Connexion au lecteur RFID Restitution perdue', 0, 0, 1),
(1147, '2013-06-11 16:24:50', 3, 'Connexion au lecteur RFID Restitution perdue', 0, 0, 1),
(1148, '2013-06-11 16:25:01', 3, 'Connexion au lecteur RFID Restitution perdue', 0, 0, 1),
(1149, '2013-06-11 16:25:11', 3, 'Connexion au lecteur RFID Restitution perdue', 0, 0, 1),
(1150, '2013-06-11 16:25:22', 3, 'Connexion au lecteur RFID Restitution perdue', 0, 0, 1),
(1151, '2013-06-11 16:25:32', 3, 'Connexion au lecteur RFID Restitution perdue', 0, 0, 1),
(1152, '2013-06-11 16:27:37', 13, 'Armoire ouverte depuis plus de 30 secondes', 2, 1, 1),
(1153, '2013-06-11 16:28:07', 17, 'Les articles, code 60880 en taille 0, 4, 1, 5, 2, 3, ne sont plus en stock', 2, 1, 1),
(1154, '2013-06-11 16:37:38', 17, 'Les articles, code 60864 en taille 0, 4, 1, 5, 2, 3, ne sont plus en stock', 1, 1, 1),
(1155, '2013-06-11 16:37:38', 17, 'Les articles, code 60880 en taille 0, 4, 1, 5, 2, 3, ne sont plus en stock', 1, 1, 1),
(1156, '2013-06-11 16:38:16', 3, 'Connexion au lecteur RFID Armoire perdue', 0, 0, 1),
(1157, '2013-06-11 16:44:53', 17, 'Les articles, code 60864 en taille 0, 4, 1, 5, 2, 3, ne sont plus en stock', 1, 1, 1),
(1158, '2013-06-11 16:44:53', 17, 'Les articles, code 60880 en taille 0, 4, 1, 5, 2, 3, ne sont plus en stock', 1, 1, 1),
(1159, '2013-06-11 16:58:55', 17, 'Les articles, code 60875 en taille 0, 4, 1, 5, 2, 3, ne sont plus en stock', 1, 1, 1),
(1160, '2013-06-11 16:58:55', 17, 'Les articles, code 60864 en taille 0, 4, 1, 5, 2, 3, ne sont plus en stock', 1, 1, 1),
(1161, '2013-06-11 16:58:55', 17, 'Les articles, code 60880 en taille 0, 4, 1, 5, 2, 3, ne sont plus en stock', 1, 1, 1),
(1162, '2013-06-11 17:00:51', 17, 'Les articles, code 60864 en taille 0, 4, 1, 5, 2, 3, ne sont plus en stock', 1, 1, 1),
(1163, '2013-06-11 17:00:51', 17, 'Les articles, code 60880 en taille 0, 4, 1, 5, 2, 3, ne sont plus en stock', 1, 1, 1),
(1164, '2013-06-11 17:17:06', 3, 'Connexion au lecteur RFID Armoire perdue', 0, 0, 1),
(1165, '2013-06-11 17:22:05', 17, 'Les articles, code 60864 en taille 0, 4, 1, 5, 2, 3, ne sont plus en stock', 1, 1, 1),
(1166, '2013-06-11 17:22:05', 17, 'Les articles, code 60880 en taille 0, 4, 1, 5, 2, 3, ne sont plus en stock', 1, 1, 1),
(1167, '2013-06-11 17:29:30', 9, '1 articles commandés non retirés par rapport à la commande.', 2, 1, 1),
(1168, '2013-06-11 17:29:30', 17, 'Les articles, code 60864 en taille 0, 4, 1, 5, 2, 3, ne sont plus en stock', 2, 1, 1),
(1169, '2013-06-11 17:29:30', 17, 'Les articles, code 60880 en taille 0, 4, 1, 5, 2, 3, ne sont plus en stock', 2, 1, 1),
(1170, '2013-06-11 17:41:04', 17, 'Les articles, code 60864 en taille 0, 4, 1, 5, 2, 3, ne sont plus en stock', 1, 1, 1),
(1171, '2013-06-11 17:41:04', 17, 'Les articles, code 60880 en taille 0, 4, 1, 5, 2, 3, ne sont plus en stock', 1, 1, 1),
(1172, '2013-06-11 17:43:09', 17, 'Les articles, code 60864 en taille 0, 4, 1, 5, 2, 3, ne sont plus en stock', 1, 1, 1),
(1173, '2013-06-11 17:43:09', 17, 'Les articles, code 60880 en taille 0, 4, 1, 5, 2, 3, ne sont plus en stock', 1, 1, 1),
(1174, '2013-06-11 17:44:08', 17, 'Les articles, code 60864 en taille 0, 4, 1, 5, 2, 3, ne sont plus en stock', 1, 1, 1),
(1175, '2013-06-11 17:44:08', 17, 'Les articles, code 60880 en taille 0, 4, 1, 5, 2, 3, ne sont plus en stock', 1, 1, 1),
(1176, '2013-06-11 17:45:36', 17, 'Les articles, code 60864 en taille 0, 4, 1, 5, 2, 3, ne sont plus en stock', 1, 1, 1),
(1177, '2013-06-11 17:45:36', 17, 'Les articles, code 60880 en taille 0, 4, 1, 5, 2, 3, ne sont plus en stock', 1, 1, 1),
(1178, '2013-06-11 17:47:11', 17, 'Les articles, code 60864 en taille 0, 4, 1, 5, 2, 3, ne sont plus en stock', 1, 1, 1),
(1179, '2013-06-11 17:47:11', 17, 'Les articles, code 60880 en taille 0, 4, 1, 5, 2, 3, ne sont plus en stock', 1, 1, 1),
(1180, '2013-06-11 17:52:49', 17, 'Les articles, code 60864 en taille 0, 4, 1, 5, 2, 3, ne sont plus en stock', 2, 1, 1),
(1181, '2013-06-11 17:52:49', 17, 'Les articles, code 60880 en taille 0, 4, 1, 5, 2, 3, ne sont plus en stock', 2, 1, 1),
(1182, '2013-06-11 17:55:50', 9, '1 articles commandés non retirés par rapport à la commande.', 2, 1, 1),
(1183, '2013-06-11 17:55:50', 10, '1 articles retirés en excès par rapport à la commande.', 2, 1, 1),
(1184, '2013-06-11 17:55:50', 17, 'Les articles, code 60864 en taille 0, 4, 1, 5, 2, 3, ne sont plus en stock', 2, 1, 1),
(1185, '2013-06-11 17:55:50', 17, 'Les articles, code 60880 en taille 0, 4, 1, 5, 2, 3, ne sont plus en stock', 2, 1, 1),
(1186, '2013-06-11 18:02:33', 9, '1 articles commandés non retirés par rapport à la commande.', 2, 1, 1),
(1187, '2013-06-11 18:02:34', 10, '1 articles retirés en excès par rapport à la commande.', 2, 1, 1),
(1188, '2013-06-11 18:02:34', 17, 'Les articles, code 60864 en taille 0, 4, 1, 5, 2, 3, ne sont plus en stock', 2, 1, 1),
(1189, '2013-06-11 18:02:34', 17, 'Les articles, code 60880 en taille 0, 4, 1, 5, 2, 3, ne sont plus en stock', 2, 1, 1),
(1190, '2013-06-11 18:09:07', 9, '1 articles commandés non retirés par rapport à la commande.', 2, 1, 1),
(1191, '2013-06-11 18:09:07', 17, 'Les articles, code 60864 en taille 0, 4, 1, 5, 2, 3, ne sont plus en stock', 2, 1, 1),
(1192, '2013-06-11 18:09:07', 17, 'Les articles, code 60880 en taille 0, 4, 1, 5, 2, 3, ne sont plus en stock', 2, 1, 1),
(1193, '2013-06-11 18:14:09', 17, 'Les articles, code 60864 en taille 0, 4, 1, 5, 2, 3, ne sont plus en stock', 1, 1, 1),
(1194, '2013-06-11 18:14:09', 17, 'Les articles, code 60880 en taille 0, 4, 1, 5, 2, 3, ne sont plus en stock', 1, 1, 1),
(1195, '2013-06-11 18:16:30', 16, 'PORTEUR DEMO possède un crédit égal a zéro', 2, 1, 1),
(1196, '2013-06-11 18:16:30', 17, 'Les articles, code 60864 en taille 0, 4, 1, 5, 2, 3, ne sont plus en stock', 2, 1, 1),
(1197, '2013-06-11 18:16:30', 17, 'Les articles, code 60880 en taille 0, 4, 1, 5, 2, 3, ne sont plus en stock', 2, 1, 1),
(1198, '2013-06-11 18:32:29', 3, 'Connexion au lecteur RFID Armoire perdue', 0, 0, 1),
(1199, '2013-06-11 18:40:26', 16, 'PORTEUR DEMO possède un crédit égal a zéro', 2, 1, 1),
(1200, '2013-06-11 18:40:26', 17, 'Les articles, code 60864 en taille 0, 4, 1, 5, 2, 3, ne sont plus en stock', 2, 1, 1),
(1201, '2013-06-11 18:40:26', 17, 'Les articles, code 60880 en taille 0, 4, 1, 5, 2, 3, ne sont plus en stock', 2, 1, 1),
(1202, '2013-06-11 21:34:24', 3, 'Connexion au lecteur RFID Armoire perdue', 0, 0, 1),
(1203, '2013-06-11 22:01:51', 3, 'Connexion au lecteur RFID Armoire perdue', 0, 0, 1),
(1204, '2013-06-11 23:39:26', 3, 'Connexion au lecteur RFID Armoire perdue', 0, 0, 1),
(1205, '2013-06-12 02:21:36', 3, 'Connexion au lecteur RFID Armoire perdue', 0, 0, 1),
(1206, '2013-06-12 03:07:48', 3, 'Connexion au lecteur RFID Restitution perdue', 0, 0, 1),
(1207, '2013-06-12 05:01:46', 3, 'Connexion au lecteur RFID Armoire perdue', 0, 0, 1),
(1208, '2013-06-12 06:51:33', 3, 'Connexion au lecteur RFID Armoire perdue', 0, 0, 1),
(1209, '2013-06-12 08:03:42', 3, 'Connexion au lecteur RFID Restitution perdue', 0, 0, 1),
(1210, '2013-06-12 09:27:26', 17, 'Les articles, code 60864 en taille 0, 4, 1, 5, 2, 3, ne sont plus en stock', 1, 1, 1),
(1211, '2013-06-12 09:27:26', 17, 'Les articles, code 60880 en taille 0, 4, 1, 5, 2, 3, ne sont plus en stock', 1, 1, 1),
(1212, '2013-06-12 09:27:52', 17, 'Les articles, code 60864 en taille 0, 4, 1, 5, 2, 3, ne sont plus en stock', 1, 1, 1),
(1213, '2013-06-12 09:27:52', 17, 'Les articles, code 60880 en taille 0, 4, 1, 5, 2, 3, ne sont plus en stock', 1, 1, 1),
(1214, '2013-06-12 09:29:13', 17, 'Les articles, code 60864 en taille 0, 4, 1, 5, 2, 3, ne sont plus en stock', 1, 1, 1),
(1215, '2013-06-12 09:29:13', 17, 'Les articles, code 60880 en taille 0, 4, 1, 5, 2, 3, ne sont plus en stock', 1, 1, 1),
(1216, '2013-06-12 09:34:24', 9, '1 articles commandés non retirés par rapport à la commande.', 2, 1, 1),
(1217, '2013-06-12 09:34:24', 17, 'Les articles, code 60864 en taille 0, 4, 1, 5, 2, 3, ne sont plus en stock', 2, 1, 1),
(1218, '2013-06-12 09:34:24', 17, 'Les articles, code 60880 en taille 0, 4, 1, 5, 2, 3, ne sont plus en stock', 2, 1, 1),
(1219, '2013-06-12 09:42:16', 3, 'Connexion au lecteur RFID Armoire perdue', 0, 0, 1),
(1220, '2013-06-12 09:53:18', 17, 'Les articles, code 60864 en taille 0, 4, 1, 5, 2, 3, ne sont plus en stock', 1, 1, 1),
(1221, '2013-06-12 09:53:18', 17, 'Les articles, code 60880 en taille 0, 4, 1, 5, 2, 3, ne sont plus en stock', 1, 1, 1),
(1222, '2013-06-12 09:53:38', 17, 'Les articles, code 60864 en taille 0, 4, 1, 5, 2, 3, ne sont plus en stock', 1, 1, 1),
(1223, '2013-06-12 09:53:38', 17, 'Les articles, code 60880 en taille 0, 4, 1, 5, 2, 3, ne sont plus en stock', 1, 1, 1),
(1224, '2013-06-12 09:53:53', 17, 'Les articles, code 60864 en taille 0, 4, 1, 5, 2, 3, ne sont plus en stock', 1, 1, 1),
(1225, '2013-06-12 09:53:53', 17, 'Les articles, code 60880 en taille 0, 4, 1, 5, 2, 3, ne sont plus en stock', 1, 1, 1),
(1226, '2013-06-12 09:54:09', 17, 'Les articles, code 60864 en taille 0, 4, 1, 5, 2, 3, ne sont plus en stock', 1, 1, 1),
(1227, '2013-06-12 09:54:09', 17, 'Les articles, code 60880 en taille 0, 4, 1, 5, 2, 3, ne sont plus en stock', 1, 1, 1),
(1228, '2013-06-12 09:54:26', 17, 'Les articles, code 60864 en taille 0, 4, 1, 5, 2, 3, ne sont plus en stock', 1, 1, 1),
(1229, '2013-06-12 09:54:26', 17, 'Les articles, code 60880 en taille 0, 4, 1, 5, 2, 3, ne sont plus en stock', 1, 1, 1),
(1230, '2013-06-12 09:54:43', 17, 'Les articles, code 60864 en taille 0, 4, 1, 5, 2, 3, ne sont plus en stock', 1, 1, 1),
(1231, '2013-06-12 09:54:43', 17, 'Les articles, code 60880 en taille 0, 4, 1, 5, 2, 3, ne sont plus en stock', 1, 1, 1),
(1232, '2013-06-12 09:55:01', 17, 'Les articles, code 60864 en taille 0, 4, 1, 5, 2, 3, ne sont plus en stock', 1, 1, 1),
(1233, '2013-06-12 09:55:01', 17, 'Les articles, code 60880 en taille 0, 4, 1, 5, 2, 3, ne sont plus en stock', 1, 1, 1),
(1234, '2013-06-12 09:55:16', 17, 'Les articles, code 60864 en taille 0, 4, 1, 5, 2, 3, ne sont plus en stock', 1, 1, 1);
INSERT INTO `alert` (`Id`, `Date_Creation`, `Alert_Type_Id`, `Message`, `User_ID`, `Armoire_ID`, `Traiter`) VALUES
(1235, '2013-06-12 09:55:16', 17, 'Les articles, code 60880 en taille 0, 4, 1, 5, 2, 3, ne sont plus en stock', 1, 1, 1),
(1236, '2013-06-12 09:55:43', 17, 'Les articles, code 60864 en taille 0, 4, 1, 5, 2, 3, ne sont plus en stock', 1, 1, 1),
(1237, '2013-06-12 09:55:43', 17, 'Les articles, code 60880 en taille 0, 4, 1, 5, 2, 3, ne sont plus en stock', 1, 1, 1),
(1238, '2013-06-12 09:56:43', 17, 'Les articles, code 60864 en taille 0, 4, 1, 5, 2, 3, ne sont plus en stock', 1, 1, 1),
(1239, '2013-06-12 09:56:43', 17, 'Les articles, code 60880 en taille 0, 4, 1, 5, 2, 3, ne sont plus en stock', 1, 1, 1),
(1240, '2013-06-12 09:59:13', 17, 'Les articles, code 60864 en taille 0, 4, 1, 5, 2, 3, ne sont plus en stock', 1, 1, 1),
(1241, '2013-06-12 09:59:13', 17, 'Les articles, code 60880 en taille 0, 4, 1, 5, 2, 3, ne sont plus en stock', 1, 1, 1),
(1242, '2013-06-12 10:00:08', 17, 'Les articles, code 60864 en taille 0, 4, 1, 5, 2, 3, ne sont plus en stock', 1, 1, 1),
(1243, '2013-06-12 10:00:08', 17, 'Les articles, code 60880 en taille 0, 4, 1, 5, 2, 3, ne sont plus en stock', 1, 1, 1),
(1244, '2013-06-12 10:01:29', 17, 'Les articles, code 60864 en taille 0, 4, 1, 5, 2, 3, ne sont plus en stock', 1, 1, 1),
(1245, '2013-06-12 10:01:29', 17, 'Les articles, code 60880 en taille 0, 4, 1, 5, 2, 3, ne sont plus en stock', 1, 1, 1),
(1246, '2013-06-12 10:04:10', 17, 'Les articles, code 60864 en taille 0, 4, 1, 5, 2, 3, ne sont plus en stock', 1, 1, 1),
(1247, '2013-06-12 10:04:10', 17, 'Les articles, code 60880 en taille 0, 4, 1, 5, 2, 3, ne sont plus en stock', 1, 1, 1),
(1248, '2013-06-12 10:04:36', 17, 'Les articles, code 60864 en taille 0, 4, 1, 5, 2, 3, ne sont plus en stock', 1, 1, 1),
(1249, '2013-06-12 10:04:36', 17, 'Les articles, code 60880 en taille 0, 4, 1, 5, 2, 3, ne sont plus en stock', 1, 1, 1),
(1250, '2013-06-12 10:05:54', 17, 'Les articles, code 60864 en taille 0, 4, 1, 5, 2, 3, ne sont plus en stock', 1, 1, 1),
(1251, '2013-06-12 10:05:54', 17, 'Les articles, code 60880 en taille 0, 4, 1, 5, 2, 3, ne sont plus en stock', 1, 1, 1),
(1252, '2013-06-12 10:20:14', 3, 'Connexion au lecteur RFID Armoire perdue', 0, 0, 1),
(1253, '2013-06-12 10:25:10', 17, 'Les articles, code 60864 en taille 0, 4, 1, 5, 2, 3, ne sont plus en stock', 1, 1, 1),
(1254, '2013-06-12 10:25:10', 17, 'Les articles, code 60880 en taille 0, 4, 1, 5, 2, 3, ne sont plus en stock', 1, 1, 1),
(1255, '2013-06-12 10:44:38', 3, 'Lecteur RFID non connecté', 0, 0, 1),
(1256, '2013-06-12 10:44:50', 3, 'Connexion au lecteur RFID Armoire perdue', 0, 0, 1),
(1257, '2013-06-12 11:01:44', 17, 'Les articles, code 60864 en taille 0, 4, 1, 5, 2, 3, ne sont plus en stock', 1, 1, 1),
(1258, '2013-06-12 11:01:44', 17, 'Les articles, code 60880 en taille 0, 4, 1, 5, 2, 3, ne sont plus en stock', 1, 1, 1),
(1259, '2013-06-12 11:08:36', 17, 'Les articles, code 60864 en taille 0, 4, 1, 5, 2, 3, ne sont plus en stock', 1, 1, 1),
(1260, '2013-06-12 11:08:36', 17, 'Les articles, code 60880 en taille 0, 4, 1, 5, 2, 3, ne sont plus en stock', 1, 1, 1),
(1261, '2013-06-12 11:09:48', 17, 'Les articles, code 60864 en taille 0, 4, 1, 5, 2, 3, ne sont plus en stock', 2, 1, 1),
(1262, '2013-06-12 11:09:48', 17, 'Les articles, code 60880 en taille 0, 4, 1, 5, 2, 3, ne sont plus en stock', 2, 1, 1),
(1263, '2013-06-12 11:21:12', 9, '1 articles commandés non retirés par rapport à la commande.', 6, 1, 1),
(1264, '2013-06-12 11:21:12', 10, '1 articles retirés en excès par rapport à la commande.', 6, 1, 1),
(1265, '2013-06-12 11:21:12', 17, 'Les articles, code 60864 en taille 0, 4, 1, 5, 2, 3, ne sont plus en stock', 6, 1, 1),
(1266, '2013-06-12 11:21:12', 17, 'Les articles, code 60880 en taille 0, 4, 1, 5, 2, 3, ne sont plus en stock', 6, 1, 1),
(1267, '2013-06-12 11:22:35', 9, '1 articles commandés non retirés par rapport à la commande.', 6, 1, 1),
(1268, '2013-06-12 11:22:35', 10, '1 articles retirés en excès par rapport à la commande.', 6, 1, 1),
(1269, '2013-06-12 11:22:36', 17, 'Les articles, code 60864 en taille 0, 4, 1, 5, 2, 3, ne sont plus en stock', 6, 1, 1),
(1270, '2013-06-12 11:22:36', 17, 'Les articles, code 60880 en taille 0, 4, 1, 5, 2, 3, ne sont plus en stock', 6, 1, 1),
(1271, '2013-06-12 11:29:53', 17, 'Les articles, code 60864 en taille 0, 4, 1, 5, 2, 3, ne sont plus en stock', 1, 1, 1),
(1272, '2013-06-12 11:29:53', 17, 'Les articles, code 60880 en taille 0, 4, 1, 5, 2, 3, ne sont plus en stock', 1, 1, 1),
(1273, '2013-06-12 11:30:38', 9, '1 articles commandés non retirés par rapport à la commande.', 6, 1, 1),
(1274, '2013-06-12 11:30:38', 10, '1 articles retirés en excès par rapport à la commande.', 6, 1, 1),
(1275, '2013-06-12 11:30:38', 17, 'Les articles, code 60864 en taille 0, 4, 1, 5, 2, 3, ne sont plus en stock', 6, 1, 1),
(1276, '2013-06-12 11:30:38', 17, 'Les articles, code 60880 en taille 0, 4, 1, 5, 2, 3, ne sont plus en stock', 6, 1, 1),
(1277, '2013-06-12 11:33:38', 17, 'Les articles, code 60864 en taille 0, 4, 1, 5, 2, 3, ne sont plus en stock', 6, 1, 1),
(1278, '2013-06-12 11:33:38', 17, 'Les articles, code 60880 en taille 0, 4, 1, 5, 2, 3, ne sont plus en stock', 6, 1, 1),
(1279, '2013-06-12 11:41:42', 17, 'Les articles, code 60864 en taille 0, 4, 1, 5, 2, 3, ne sont plus en stock', 2, 1, 1),
(1280, '2013-06-12 11:41:42', 17, 'Les articles, code 60880 en taille 0, 4, 1, 5, 2, 3, ne sont plus en stock', 2, 1, 1),
(1281, '2013-06-12 11:48:48', 16, 'BRIAN WEBB possède un crédit égal a zéro', 7, 1, 1),
(1282, '2013-06-12 11:48:48', 17, 'Les articles, code 60864 en taille 0, 4, 1, 5, 2, 3, ne sont plus en stock', 7, 1, 1),
(1283, '2013-06-12 11:48:48', 17, 'Les articles, code 60880 en taille 0, 4, 1, 5, 2, 3, ne sont plus en stock', 7, 1, 1),
(1284, '2013-06-12 11:49:45', 17, 'Les articles, code 60864 en taille 0, 4, 1, 5, 2, 3, ne sont plus en stock', 1, 1, 1),
(1285, '2013-06-12 11:49:45', 17, 'Les articles, code 60880 en taille 0, 4, 1, 5, 2, 3, ne sont plus en stock', 1, 1, 1),
(1286, '2013-06-12 11:55:39', 17, 'Les articles, code 60864 en taille 0, 4, 1, 5, 2, 3, ne sont plus en stock', 1, 1, 1),
(1287, '2013-06-12 11:55:39', 17, 'Les articles, code 60880 en taille 0, 4, 1, 5, 2, 3, ne sont plus en stock', 1, 1, 1),
(1288, '2013-06-12 11:56:07', 16, 'BRIAN WEBB possède un crédit égal a zéro', 7, 1, 1),
(1289, '2013-06-12 11:56:07', 17, 'Les articles, code 60864 en taille 0, 4, 1, 5, 2, 3, ne sont plus en stock', 7, 1, 1),
(1290, '2013-06-12 11:56:07', 17, 'Les articles, code 60880 en taille 0, 4, 1, 5, 2, 3, ne sont plus en stock', 7, 1, 1),
(1291, '2013-06-12 12:04:29', 16, 'GRAHAM BOWES possède un crédit égal a zéro', 8, 1, 1),
(1292, '2013-06-12 12:04:29', 17, 'Les articles, code 60864 en taille 0, 4, 1, 5, 2, 3, ne sont plus en stock', 8, 1, 1),
(1293, '2013-06-12 12:04:29', 17, 'Les articles, code 60880 en taille 0, 4, 1, 5, 2, 3, ne sont plus en stock', 8, 1, 1),
(1294, '2013-06-12 13:05:19', 3, 'Connexion au lecteur RFID Restitution perdue', 0, 0, 1),
(1295, '2013-06-12 13:08:50', 3, 'Connexion au lecteur RFID Armoire perdue', 0, 0, 1),
(1296, '2013-06-12 13:16:22', 3, 'Connexion au lecteur RFID Armoire perdue', 0, 0, 1),
(1297, '2013-06-12 15:44:27', 2, 'Carte LED non présente', 0, 0, 1),
(1298, '2013-06-12 15:44:28', 3, 'Lecteur RFID non connecté', 0, 0, 1),
(1299, '2013-06-12 15:54:36', 3, 'Connexion au lecteur RFID Armoire perdue', 0, 0, 1),
(1300, '2013-06-12 16:11:58', 17, 'Les articles, code 60864 en taille 0, 4, 1, 5, 2, 3, ne sont plus en stock', 1, 1, 1),
(1301, '2013-06-12 16:11:58', 17, 'Les articles, code 60880 en taille 0, 4, 1, 5, 2, 3, ne sont plus en stock', 1, 1, 1),
(1302, '2013-06-12 16:22:36', 17, 'Les articles, code 60864 en taille 0, 4, 1, 5, 2, 3, ne sont plus en stock', 1, 1, 1),
(1303, '2013-06-12 16:22:36', 17, 'Les articles, code 60880 en taille 0, 4, 1, 5, 2, 3, ne sont plus en stock', 1, 1, 1),
(1304, '2013-06-12 16:27:05', 17, 'Les articles, code 60864 en taille 0, 4, 1, 5, 2, 3, ne sont plus en stock', 1, 1, 1),
(1305, '2013-06-12 16:27:05', 17, 'Les articles, code 60880 en taille 0, 4, 1, 5, 2, 3, ne sont plus en stock', 1, 1, 1),
(1306, '2013-06-12 16:29:17', 17, 'Les articles, code 60864 en taille 0, 4, 1, 5, 2, 3, ne sont plus en stock', 2, 1, 1),
(1307, '2013-06-12 16:29:17', 17, 'Les articles, code 60880 en taille 0, 4, 1, 5, 2, 3, ne sont plus en stock', 2, 1, 1),
(1308, '2013-06-12 16:30:34', 17, 'Les articles, code 60864 en taille 0, 4, 1, 5, 2, 3, ne sont plus en stock', 1, 1, 1),
(1309, '2013-06-12 16:30:34', 17, 'Les articles, code 60880 en taille 0, 4, 1, 5, 2, 3, ne sont plus en stock', 1, 1, 1),
(1310, '2013-06-12 16:33:20', 17, 'Les articles, code 60864 en taille 0, 4, 1, 5, 2, 3, ne sont plus en stock', 1, 1, 1),
(1311, '2013-06-12 16:33:20', 17, 'Les articles, code 60880 en taille 0, 4, 1, 5, 2, 3, ne sont plus en stock', 1, 1, 1),
(1312, '2013-06-12 16:34:19', 17, 'Les articles, code 60864 en taille 0, 4, 1, 5, 2, 3, ne sont plus en stock', 2, 1, 1),
(1313, '2013-06-12 16:34:19', 17, 'Les articles, code 60880 en taille 0, 4, 1, 5, 2, 3, ne sont plus en stock', 2, 1, 1),
(1314, '2013-06-12 16:42:55', 17, 'Les articles, code 60864 en taille 0, 4, 1, 5, 2, 3, ne sont plus en stock', 1, 1, 1),
(1315, '2013-06-12 16:42:55', 17, 'Les articles, code 60880 en taille 0, 4, 1, 5, 2, 3, ne sont plus en stock', 1, 1, 1),
(1316, '2013-06-12 16:46:20', 3, 'Connexion au lecteur RFID Armoire perdue', 0, 0, 1),
(1317, '2013-06-12 16:56:00', 10, '1 intrus inconnus détectés', 1, 1, 1),
(1318, '2013-06-12 16:56:00', 17, 'Les articles, code 60864 en taille 0, 4, 1, 5, 2, 3, ne sont plus en stock', 1, 1, 1),
(1319, '2013-06-12 16:56:00', 17, 'Les articles, code 60880 en taille 0, 4, 1, 5, 2, 3, ne sont plus en stock', 1, 1, 1),
(1320, '2013-06-12 17:04:35', 13, 'Armoire ouverte depuis plus de 30 secondes', 7, 1, 1),
(1321, '2013-06-12 17:05:05', 14, 'Armoire ouverte depuis plus de 1 minute', 7, 1, 1),
(1322, '2013-06-12 17:05:35', 9, '1 articles commandés non retirés par rapport à la commande.', 7, 1, 1),
(1323, '2013-06-12 17:05:35', 17, 'Les articles, code 60864 en taille 0, 4, 1, 5, 2, 3, ne sont plus en stock', 7, 1, 1),
(1324, '2013-06-12 17:05:35', 17, 'Les articles, code 60880 en taille 0, 4, 1, 5, 2, 3, ne sont plus en stock', 7, 1, 1),
(1325, '2013-06-12 17:08:47', 9, '1 articles commandés non retirés par rapport à la commande.', 7, 1, 1),
(1326, '2013-06-12 17:08:47', 10, '1 articles retirés en excès par rapport à la commande.', 7, 1, 1),
(1327, '2013-06-12 17:08:47', 17, 'Les articles, code 60864 en taille 0, 4, 1, 5, 2, 3, ne sont plus en stock', 7, 1, 1),
(1328, '2013-06-12 17:08:47', 17, 'Les articles, code 60880 en taille 0, 4, 1, 5, 2, 3, ne sont plus en stock', 7, 1, 1),
(1329, '2013-06-12 17:12:56', 16, 'BRIAN WEBB possède un crédit égal a zéro', 7, 1, 1),
(1330, '2013-06-12 17:12:56', 17, 'Les articles, code 60864 en taille 0, 4, 1, 5, 2, 3, ne sont plus en stock', 7, 1, 1),
(1331, '2013-06-12 17:12:56', 17, 'Les articles, code 60880 en taille 0, 4, 1, 5, 2, 3, ne sont plus en stock', 7, 1, 1),
(1332, '2013-06-12 17:15:36', 9, '1 articles commandés non retirés par rapport à la commande.', 7, 1, 1),
(1333, '2013-06-12 17:15:37', 10, '1 intrus inconnus détectés', 7, 1, 1),
(1334, '2013-06-12 17:15:37', 17, 'Les articles, code 60864 en taille 0, 4, 1, 5, 2, 3, ne sont plus en stock', 7, 1, 1),
(1335, '2013-06-12 17:15:37', 17, 'Les articles, code 60880 en taille 0, 4, 1, 5, 2, 3, ne sont plus en stock', 7, 1, 1),
(1336, '2013-06-12 17:19:02', 9, '1 articles commandés non retirés par rapport à la commande.', 7, 1, 1),
(1337, '2013-06-12 17:19:02', 10, '1 intrus inconnus détectés', 7, 1, 1),
(1338, '2013-06-12 17:19:02', 17, 'Les articles, code 60864 en taille 0, 4, 1, 5, 2, 3, ne sont plus en stock', 7, 1, 1),
(1339, '2013-06-12 17:19:02', 17, 'Les articles, code 60880 en taille 0, 4, 1, 5, 2, 3, ne sont plus en stock', 7, 1, 1),
(1340, '2013-06-12 17:24:03', 13, 'Armoire ouverte depuis plus de 30 secondes', 7, 1, 1),
(1341, '2013-06-12 17:24:25', 9, '1 articles commandés non retirés par rapport à la commande.', 7, 1, 1),
(1342, '2013-06-12 17:24:25', 15, '2 intrus inconnus détectés', 7, 1, 1),
(1343, '2013-06-12 17:24:25', 17, 'Les articles, code 60864 en taille 0, 4, 1, 5, 2, 3, ne sont plus en stock', 7, 1, 1),
(1344, '2013-06-12 17:24:25', 17, 'Les articles, code 60880 en taille 0, 4, 1, 5, 2, 3, ne sont plus en stock', 7, 1, 1),
(1345, '2013-06-12 17:28:58', 7, '1 intrus inconnus détectés', 1, 1, 1),
(1346, '2013-06-12 17:28:58', 17, 'Les articles, code 60864 en taille 0, 4, 1, 5, 2, 3, ne sont plus en stock', 1, 1, 1),
(1347, '2013-06-12 17:28:58', 17, 'Les articles, code 60880 en taille 0, 4, 1, 5, 2, 3, ne sont plus en stock', 1, 1, 1),
(1348, '2013-06-12 17:32:00', 17, 'Les articles, code 60864 en taille 0, 4, 1, 5, 2, 3, ne sont plus en stock', 1, 1, 1),
(1349, '2013-06-12 17:32:00', 17, 'Les articles, code 60880 en taille 0, 4, 1, 5, 2, 3, ne sont plus en stock', 1, 1, 1),
(1350, '2013-06-12 17:33:30', 0, 'Pas de rail', 1, 0, 1),
(1351, '2013-06-12 17:33:34', 17, 'Les articles, code 60864 en taille 0, 4, 1, 5, 2, 3, ne sont plus en stock', 1, 1, 1),
(1352, '2013-06-12 17:33:34', 17, 'Les articles, code 60880 en taille 0, 4, 1, 5, 2, 3, ne sont plus en stock', 1, 1, 1),
(1353, '2013-06-12 17:34:34', 17, 'Les articles, code 60864 en taille 0, 4, 1, 5, 2, 3, ne sont plus en stock', 1, 1, 1),
(1354, '2013-06-12 17:34:34', 17, 'Les articles, code 60880 en taille 0, 4, 1, 5, 2, 3, ne sont plus en stock', 1, 1, 1),
(1355, '2013-06-12 17:36:13', 17, 'Les articles, code 60864 en taille 0, 4, 1, 5, 2, 3, ne sont plus en stock', 1, 1, 1),
(1356, '2013-06-12 17:36:13', 17, 'Les articles, code 60880 en taille 0, 4, 1, 5, 2, 3, ne sont plus en stock', 1, 1, 1),
(1357, '2013-06-12 17:36:53', 17, 'Les articles, code 60864 en taille 0, 4, 1, 5, 2, 3, ne sont plus en stock', 1, 1, 1),
(1358, '2013-06-12 17:36:53', 17, 'Les articles, code 60880 en taille 0, 4, 1, 5, 2, 3, ne sont plus en stock', 1, 1, 1),
(1359, '2013-06-12 17:37:44', 3, 'Connexion au lecteur RFID Armoire perdue', 0, 0, 1),
(1360, '2013-06-12 17:37:54', 3, 'Connexion au lecteur RFID Armoire perdue', 0, 0, 1),
(1361, '2013-06-12 17:38:05', 3, 'Connexion au lecteur RFID Armoire perdue', 0, 0, 1),
(1362, '2013-06-12 17:38:15', 3, 'Connexion au lecteur RFID Armoire perdue', 0, 0, 1),
(1363, '2013-06-12 17:38:26', 3, 'Connexion au lecteur RFID Armoire perdue', 0, 0, 1),
(1364, '2013-06-12 17:38:36', 3, 'Connexion au lecteur RFID Armoire perdue', 0, 0, 1),
(1365, '2013-06-12 17:38:47', 3, 'Connexion au lecteur RFID Armoire perdue', 0, 0, 1),
(1366, '2013-06-12 17:38:57', 3, 'Connexion au lecteur RFID Armoire perdue', 0, 0, 1),
(1367, '2013-06-12 17:39:08', 3, 'Connexion au lecteur RFID Armoire perdue', 0, 0, 1),
(1368, '2013-06-12 17:39:18', 3, 'Connexion au lecteur RFID Armoire perdue', 0, 0, 1),
(1369, '2013-06-12 17:39:29', 3, 'Connexion au lecteur RFID Armoire perdue', 0, 0, 1),
(1370, '2013-06-12 17:39:39', 3, 'Connexion au lecteur RFID Armoire perdue', 0, 0, 1),
(1371, '2013-06-12 17:39:50', 3, 'Connexion au lecteur RFID Armoire perdue', 0, 0, 1),
(1372, '2013-06-12 17:40:00', 3, 'Connexion au lecteur RFID Armoire perdue', 0, 0, 1),
(1373, '2013-06-12 17:41:19', 17, 'Les articles, code 60864 en taille 0, 4, 1, 5, 2, 3, ne sont plus en stock', 1, 1, 1),
(1374, '2013-06-12 17:41:19', 17, 'Les articles, code 60880 en taille 0, 4, 1, 5, 2, 3, ne sont plus en stock', 1, 1, 1),
(1375, '2013-06-12 17:42:42', 17, 'Les articles, code 60864 en taille 0, 4, 1, 5, 2, 3, ne sont plus en stock', 2, 1, 1),
(1376, '2013-06-12 17:42:42', 17, 'Les articles, code 60880 en taille 0, 4, 1, 5, 2, 3, ne sont plus en stock', 2, 1, 1),
(1377, '2013-06-12 17:48:31', 17, 'Les articles, code 60864 en taille 0, 4, 1, 5, 2, 3, ne sont plus en stock', 2, 1, 1),
(1378, '2013-06-12 17:48:31', 17, 'Les articles, code 60880 en taille 0, 4, 1, 5, 2, 3, ne sont plus en stock', 2, 1, 1),
(1379, '2013-06-12 17:51:04', 17, 'Les articles, code 60864 en taille 0, 4, 1, 5, 2, 3, ne sont plus en stock', 1, 1, 1),
(1380, '2013-06-12 17:51:04', 17, 'Les articles, code 60880 en taille 0, 4, 1, 5, 2, 3, ne sont plus en stock', 1, 1, 1),
(1381, '2013-06-12 17:51:56', 17, 'Les articles, code 60864 en taille 0, 4, 1, 5, 2, 3, ne sont plus en stock', 2, 1, 1),
(1382, '2013-06-12 17:51:56', 17, 'Les articles, code 60880 en taille 0, 4, 1, 5, 2, 3, ne sont plus en stock', 2, 1, 1),
(1383, '2013-06-12 17:52:27', 16, 'PORTEUR DEMO possède un crédit égal a zéro', 2, 1, 1),
(1384, '2013-06-12 17:52:27', 17, 'Les articles, code 60864 en taille 0, 4, 1, 5, 2, 3, ne sont plus en stock', 2, 1, 1),
(1385, '2013-06-12 17:52:27', 17, 'Les articles, code 60880 en taille 0, 4, 1, 5, 2, 3, ne sont plus en stock', 2, 1, 1),
(1386, '2013-06-12 17:54:35', 3, 'Connexion au lecteur RFID Restitution perdue', 0, 0, 1),
(1387, '2013-06-12 17:55:46', 3, 'Connexion au lecteur RFID Restitution perdue', 0, 0, 1),
(1388, '2013-06-12 17:55:56', 3, 'Connexion au lecteur RFID Restitution perdue', 0, 0, 1),
(1389, '2013-06-12 17:56:07', 3, 'Connexion au lecteur RFID Restitution perdue', 0, 0, 1),
(1390, '2013-06-12 17:56:17', 3, 'Connexion au lecteur RFID Restitution perdue', 0, 0, 1),
(1391, '2013-06-12 17:56:28', 3, 'Connexion au lecteur RFID Restitution perdue', 0, 0, 1),
(1392, '2013-06-12 17:56:38', 3, 'Connexion au lecteur RFID Restitution perdue', 0, 0, 1),
(1393, '2013-06-12 17:56:49', 3, 'Connexion au lecteur RFID Restitution perdue', 0, 0, 1),
(1394, '2013-06-12 17:56:59', 3, 'Connexion au lecteur RFID Restitution perdue', 0, 0, 1),
(1395, '2013-06-12 17:57:17', 17, 'Les articles, code 60864 en taille 0, 4, 1, 5, 2, 3, ne sont plus en stock', 2, 1, 1),
(1396, '2013-06-12 17:57:17', 17, 'Les articles, code 60880 en taille 0, 4, 1, 5, 2, 3, ne sont plus en stock', 2, 1, 1),
(1397, '2013-06-12 17:58:57', 17, 'Les articles, code 60864 en taille 0, 4, 1, 5, 2, 3, ne sont plus en stock', 2, 1, 1),
(1398, '2013-06-12 17:58:57', 17, 'Les articles, code 60880 en taille 0, 4, 1, 5, 2, 3, ne sont plus en stock', 2, 1, 1),
(1399, '2013-06-12 17:59:22', 17, 'Les articles, code 60864 en taille 0, 4, 1, 5, 2, 3, ne sont plus en stock', 1, 1, 1),
(1400, '2013-06-12 17:59:22', 17, 'Les articles, code 60880 en taille 0, 4, 1, 5, 2, 3, ne sont plus en stock', 1, 1, 1),
(1401, '2013-06-12 20:20:43', 3, 'Connexion au lecteur RFID Armoire perdue', 0, 0, 1),
(1402, '2013-06-12 21:03:27', 3, 'Connexion au lecteur RFID Restitution perdue', 0, 0, 1),
(1403, '2013-06-12 21:35:26', 3, 'Connexion au lecteur RFID Armoire perdue', 0, 0, 1),
(1404, '2013-06-13 01:00:50', 3, 'Connexion au lecteur RFID Armoire perdue', 0, 0, 1),
(1405, '2013-06-13 01:18:17', 3, 'Connexion au lecteur RFID Armoire perdue', 0, 0, 1),
(1406, '2013-06-13 02:58:18', 3, 'Connexion au lecteur RFID Armoire perdue', 0, 0, 1),
(1407, '2013-06-13 03:41:41', 3, 'Connexion au lecteur RFID Armoire perdue', 0, 0, 1),
(1408, '2013-06-13 05:29:34', 3, 'Connexion au lecteur RFID Armoire perdue', 0, 0, 1),
(1409, '2013-06-13 05:40:48', 3, 'Connexion au lecteur RFID Armoire perdue', 0, 0, 1),
(1410, '2013-06-13 06:19:00', 3, 'Connexion au lecteur RFID Armoire perdue', 0, 0, 1),
(1411, '2013-06-13 07:34:53', 3, 'Connexion au lecteur RFID Restitution perdue', 0, 0, 1),
(1412, '2013-06-13 07:47:16', 3, 'Connexion au lecteur RFID Armoire perdue', 0, 0, 1),
(1413, '2013-06-13 09:51:34', 3, 'Connexion au lecteur RFID Armoire perdue', 0, 0, 1),
(1414, '2013-06-13 09:59:21', 17, 'Les articles, code 60864 en taille 0, 4, 1, 5, 2, 3, ne sont plus en stock', 1, 1, 1),
(1415, '2013-06-13 09:59:21', 17, 'Les articles, code 60880 en taille 0, 4, 1, 5, 2, 3, ne sont plus en stock', 1, 1, 1),
(1416, '2013-06-13 10:06:39', 17, 'Les articles, code 60864 en taille 0, 4, 1, 5, 2, 3, ne sont plus en stock', 1, 1, 1),
(1417, '2013-06-13 10:06:39', 17, 'Les articles, code 60880 en taille 0, 4, 1, 5, 2, 3, ne sont plus en stock', 1, 1, 1),
(1418, '2013-06-13 10:30:20', 17, 'Les articles, code 60864 en taille 0, 4, 1, 5, 2, 3, ne sont plus en stock', 1, 1, 1),
(1419, '2013-06-13 10:30:20', 17, 'Les articles, code 60880 en taille 0, 4, 1, 5, 2, 3, ne sont plus en stock', 1, 1, 1),
(1420, '2013-06-13 10:56:14', 17, 'Les articles, code 60864 en taille 0, 4, 1, 5, 2, 3, ne sont plus en stock', 1, 1, 1),
(1421, '2013-06-13 10:56:14', 17, 'Les articles, code 60880 en taille 0, 4, 1, 5, 2, 3, ne sont plus en stock', 1, 1, 1),
(1422, '2013-06-13 11:03:22', 3, 'Connexion au lecteur RFID Armoire perdue', 0, 0, 1),
(1423, '2013-06-13 11:20:48', 3, 'Connexion au lecteur RFID Armoire perdue', 0, 0, 1),
(1424, '2013-06-13 11:53:47', 17, 'Les articles, code 60864 en taille 0, 4, 1, 5, 2, 3, ne sont plus en stock', 7, 1, 1),
(1425, '2013-06-13 11:53:47', 17, 'Les articles, code 60880 en taille 0, 4, 1, 5, 2, 3, ne sont plus en stock', 7, 1, 1),
(1426, '2013-06-13 12:00:44', 9, '1 articles commandés non retirés par rapport à la commande.', 7, 1, 1),
(1427, '2013-06-13 12:00:44', 17, 'Les articles, code 60864 en taille 0, 4, 1, 5, 2, 3, ne sont plus en stock', 7, 1, 1),
(1428, '2013-06-13 12:00:44', 17, 'Les articles, code 60880 en taille 0, 4, 1, 5, 2, 3, ne sont plus en stock', 7, 1, 1),
(1429, '2013-06-13 12:01:40', 10, '1 articles retirés en excès par rapport à la commande.', 7, 1, 1),
(1430, '2013-06-13 12:01:40', 17, 'Les articles, code 60864 en taille 0, 4, 1, 5, 2, 3, ne sont plus en stock', 7, 1, 1),
(1431, '2013-06-13 12:01:40', 17, 'Les articles, code 60880 en taille 0, 4, 1, 5, 2, 3, ne sont plus en stock', 7, 1, 1),
(1432, '2013-06-13 12:02:39', 16, 'BRIAN WEBB possède un crédit égal a zéro', 7, 1, 1),
(1433, '2013-06-13 12:02:39', 17, 'Les articles, code 60864 en taille 0, 4, 1, 5, 2, 3, ne sont plus en stock', 7, 1, 1),
(1434, '2013-06-13 12:02:39', 17, 'Les articles, code 60880 en taille 0, 4, 1, 5, 2, 3, ne sont plus en stock', 7, 1, 1),
(1435, '2013-06-13 12:12:27', 17, 'Les articles, code 60864 en taille 0, 4, 1, 5, 2, 3, ne sont plus en stock', 7, 1, 1),
(1436, '2013-06-13 12:12:27', 17, 'Les articles, code 60880 en taille 0, 4, 1, 5, 2, 3, ne sont plus en stock', 7, 1, 1),
(1437, '2013-06-13 12:13:16', 17, 'Les articles, code 60864 en taille 0, 4, 1, 5, 2, 3, ne sont plus en stock', 1, 1, 1),
(1438, '2013-06-13 12:13:16', 17, 'Les articles, code 60880 en taille 0, 4, 1, 5, 2, 3, ne sont plus en stock', 1, 1, 1),
(1439, '2013-06-13 13:17:49', 3, 'Connexion au lecteur RFID Armoire retrouvée', 0, 0, 1),
(1440, '2013-06-13 14:27:27', 17, 'Les articles, code 60864 en taille 0, 4, 1, 5, 2, 3, ne sont plus en stock', 7, 1, 1),
(1441, '2013-06-13 14:27:27', 17, 'Les articles, code 60880 en taille 0, 4, 1, 5, 2, 3, ne sont plus en stock', 7, 1, 1),
(1442, '2013-06-13 14:47:08', 17, 'Les articles, code 60864 en taille 0, 4, 1, 5, 2, 3, ne sont plus en stock', 7, 1, 1),
(1443, '2013-06-13 14:47:08', 17, 'Les articles, code 60880 en taille 0, 4, 1, 5, 2, 3, ne sont plus en stock', 7, 1, 1),
(1444, '2013-06-13 15:00:30', 16, 'BRIAN WEBB possède un crédit égal a zéro', 7, 1, 1),
(1445, '2013-06-13 15:00:30', 17, 'Les articles, code 60864 en taille 0, 4, 1, 5, 2, 3, ne sont plus en stock', 7, 1, 1),
(1446, '2013-06-13 15:00:30', 17, 'Les articles, code 60880 en taille 0, 4, 1, 5, 2, 3, ne sont plus en stock', 7, 1, 1),
(1447, '2013-06-13 15:06:57', 17, 'Les articles, code 60864 en taille 0, 4, 1, 5, 2, 3, ne sont plus en stock', 9, 1, 1),
(1448, '2013-06-13 15:06:57', 17, 'Les articles, code 60880 en taille 0, 4, 1, 5, 2, 3, ne sont plus en stock', 9, 1, 1),
(1449, '2013-06-13 15:19:20', 17, 'Les articles, code 60864 en taille 0, 4, 1, 5, 2, 3, ne sont plus en stock', 7, 1, 1),
(1450, '2013-06-13 15:19:20', 17, 'Les articles, code 60880 en taille 0, 4, 1, 5, 2, 3, ne sont plus en stock', 7, 1, 1),
(1451, '2013-06-13 15:20:28', 10, '1 articles retirés en excès par rapport à la commande.', 7, 1, 1),
(1452, '2013-06-13 15:20:28', 16, 'BRIAN WEBB possède un crédit égal a zéro', 7, 1, 1),
(1453, '2013-06-13 15:20:28', 17, 'Les articles, code 60864 en taille 0, 4, 1, 5, 2, 3, ne sont plus en stock', 7, 1, 1),
(1454, '2013-06-13 15:20:28', 17, 'Les articles, code 60880 en taille 0, 4, 1, 5, 2, 3, ne sont plus en stock', 7, 1, 1),
(1455, '2013-06-13 15:24:42', 17, 'Les articles, code 60864 en taille 0, 4, 1, 5, 2, 3, ne sont plus en stock', 1, 1, 1),
(1456, '2013-06-13 15:24:42', 17, 'Les articles, code 60880 en taille 0, 4, 1, 5, 2, 3, ne sont plus en stock', 1, 1, 1),
(1457, '2013-06-13 15:25:25', 17, 'Les articles, code 60864 en taille 0, 4, 1, 5, 2, 3, ne sont plus en stock', 9, 1, 1),
(1458, '2013-06-13 15:25:25', 17, 'Les articles, code 60880 en taille 0, 4, 1, 5, 2, 3, ne sont plus en stock', 9, 1, 1),
(1459, '2013-06-13 15:26:23', 17, 'Les articles, code 60864 en taille 0, 4, 1, 5, 2, 3, ne sont plus en stock', 7, 1, 1),
(1460, '2013-06-13 15:26:23', 17, 'Les articles, code 60880 en taille 0, 4, 1, 5, 2, 3, ne sont plus en stock', 7, 1, 1),
(1461, '2013-06-13 15:30:47', 3, 'Connexion au lecteur RFID Armoire retrouvée', 0, 0, 1),
(1462, '2013-06-13 15:31:43', 17, 'Les articles, code 60864 en taille 0, 4, 1, 5, 2, 3, ne sont plus en stock', 1, 1, 1),
(1463, '2013-06-13 15:31:43', 17, 'Les articles, code 60880 en taille 0, 4, 1, 5, 2, 3, ne sont plus en stock', 1, 1, 1),
(1464, '2013-06-13 15:33:20', 13, 'Armoire ouverte depuis plus de 30 secondes', 7, 1, 1),
(1465, '2013-06-13 15:33:50', 14, 'Armoire ouverte depuis plus de 1 minute', 7, 1, 1),
(1466, '2013-06-13 15:35:14', 9, '1 articles commandés non retirés par rapport à la commande.', 7, 1, 1),
(1467, '2013-06-13 15:35:14', 17, 'Les articles, code 60864 en taille 0, 4, 1, 5, 2, 3, ne sont plus en stock', 7, 1, 1),
(1468, '2013-06-13 15:35:14', 17, 'Les articles, code 60880 en taille 0, 4, 1, 5, 2, 3, ne sont plus en stock', 7, 1, 1),
(1469, '2013-06-13 15:37:04', 17, 'Les articles, code 60864 en taille 0, 4, 1, 5, 2, 3, ne sont plus en stock', 1, 1, 1),
(1470, '2013-06-13 15:37:04', 17, 'Les articles, code 60880 en taille 0, 4, 1, 5, 2, 3, ne sont plus en stock', 1, 1, 1),
(1471, '2013-06-13 15:50:33', 3, 'Connexion au lecteur RFID Armoire retrouvée', 0, 0, 1),
(1472, '2013-06-13 16:26:50', 17, 'Les articles, code 60864 en taille 0, 4, 1, 5, 2, 3, ne sont plus en stock', 1, 1, 1),
(1473, '2013-06-13 16:26:50', 17, 'Les articles, code 60880 en taille 0, 4, 1, 5, 2, 3, ne sont plus en stock', 1, 1, 1),
(1474, '2013-06-13 16:27:48', 13, 'Armoire ouverte depuis plus de 30 secondes', 7, 1, 1),
(1475, '2013-06-13 16:28:02', 9, '1 articles commandés non retirés par rapport à la commande.', 7, 1, 1),
(1476, '2013-06-13 16:28:02', 17, 'Les articles, code 60864 en taille 0, 4, 1, 5, 2, 3, ne sont plus en stock', 7, 1, 1),
(1477, '2013-06-13 16:28:02', 17, 'Les articles, code 60880 en taille 0, 4, 1, 5, 2, 3, ne sont plus en stock', 7, 1, 1),
(1478, '2013-06-13 16:56:33', 17, 'Les articles, code 60864 en taille 0, 4, 1, 5, 2, 3, ne sont plus en stock', 1, 1, 1),
(1479, '2013-06-13 16:56:33', 17, 'Les articles, code 60880 en taille 0, 4, 1, 5, 2, 3, ne sont plus en stock', 1, 1, 1),
(1480, '2013-06-13 17:02:57', 17, 'Les articles, code 60864 en taille 0, 4, 1, 5, 2, 3, ne sont plus en stock', 7, 1, 1),
(1481, '2013-06-13 17:02:57', 17, 'Les articles, code 60880 en taille 0, 4, 1, 5, 2, 3, ne sont plus en stock', 7, 1, 1),
(1482, '2013-06-13 17:04:16', 3, 'Connexion au lecteur RFID Restitution retrouvée', 0, 0, 1),
(1483, '2013-06-13 17:44:09', 0, 'Pas de rail', 1, 0, 1),
(1484, '2013-06-13 17:44:17', 3, 'Lecteur RFID non connecté', 0, 0, 1),
(1485, '2013-06-13 17:44:49', 3, 'Connexion au lecteur RFID Armoire perdue', 0, 0, 1),
(1486, '2013-06-13 17:46:29', 17, 'Les articles, code 60864 en taille 0, 4, 1, 5, 2, 3, ne sont plus en stock', 1, 1, 1),
(1487, '2013-06-13 17:46:29', 17, 'Les articles, code 60880 en taille 0, 4, 1, 5, 2, 3, ne sont plus en stock', 1, 1, 1),
(1488, '2013-06-13 17:47:53', 17, 'Les articles, code 60864 en taille 0, 4, 1, 5, 2, 3, ne sont plus en stock', 6, 1, 1),
(1489, '2013-06-13 17:47:53', 17, 'Les articles, code 60880 en taille 0, 4, 1, 5, 2, 3, ne sont plus en stock', 6, 1, 1),
(1490, '2013-06-13 17:49:45', 9, '1 articles commandés non retirés par rapport à la commande.', 6, 1, 1),
(1491, '2013-06-13 17:49:45', 10, '1 articles retirés en excès par rapport à la commande.', 6, 1, 1),
(1492, '2013-06-13 17:49:45', 17, 'Les articles, code 60864 en taille 0, 4, 1, 5, 2, 3, ne sont plus en stock', 6, 1, 1),
(1493, '2013-06-13 17:49:45', 17, 'Les articles, code 60880 en taille 0, 4, 1, 5, 2, 3, ne sont plus en stock', 6, 1, 1),
(1494, '2013-06-13 17:51:54', 13, 'Armoire ouverte depuis plus de 30 secondes', 6, 1, 1),
(1495, '2013-06-13 17:52:24', 9, '1 articles commandés non retirés par rapport à la commande.', 6, 1, 1),
(1496, '2013-06-13 17:52:24', 10, '1 articles retirés en excès par rapport à la commande.', 6, 1, 1),
(1497, '2013-06-13 17:52:24', 17, 'Les articles, code 60864 en taille 0, 4, 1, 5, 2, 3, ne sont plus en stock', 6, 1, 1),
(1498, '2013-06-13 17:52:24', 17, 'Les articles, code 60880 en taille 0, 4, 1, 5, 2, 3, ne sont plus en stock', 6, 1, 1),
(1499, '2013-06-13 17:59:36', 17, 'Les articles, code 60864 en taille 0, 4, 1, 5, 2, 3, ne sont plus en stock', 1, 1, 1),
(1500, '2013-06-13 17:59:36', 17, 'Les articles, code 60880 en taille 0, 4, 1, 5, 2, 3, ne sont plus en stock', 1, 1, 1),
(1501, '2013-06-13 18:34:50', 3, 'Connexion au lecteur RFID Armoire retrouvée', 0, 0, 1),
(1502, '2013-06-13 19:18:54', 3, 'Connexion au lecteur RFID Armoire retrouvée', 0, 0, 1),
(1503, '2013-06-13 20:51:32', 3, 'Connexion au lecteur RFID Armoire retrouvée', 0, 0, 1),
(1504, '2013-06-13 21:36:56', 3, 'Connexion au lecteur RFID Armoire retrouvée', 0, 0, 1),
(1505, '2013-06-13 22:57:50', 3, 'Connexion au lecteur RFID Armoire retrouvée', 0, 0, 1),
(1506, '2013-06-13 23:48:06', 3, 'Connexion au lecteur RFID Armoire retrouvée', 0, 0, 1),
(1507, '2013-06-14 00:18:45', 3, 'Connexion au lecteur RFID Armoire retrouvée', 0, 0, 1),
(1508, '2013-06-14 00:49:56', 3, 'Connexion au lecteur RFID Armoire retrouvée', 0, 0, 1),
(1509, '2013-06-14 00:56:18', 3, 'Connexion au lecteur RFID Armoire retrouvée', 0, 0, 1),
(1510, '2013-06-14 01:07:03', 3, 'Connexion au lecteur RFID Armoire retrouvée', 0, 0, 1),
(1511, '2013-06-14 02:51:12', 3, 'Connexion au lecteur RFID Armoire retrouvée', 0, 0, 1),
(1512, '2013-06-14 03:45:09', 3, 'Connexion au lecteur RFID Armoire retrouvée', 0, 0, 1),
(1513, '2013-06-14 05:25:49', 3, 'Connexion au lecteur RFID Restitution retrouvée', 0, 0, 1),
(1514, '2013-06-14 08:04:25', 3, 'Connexion au lecteur RFID Armoire retrouvée', 0, 0, 1),
(1515, '2013-06-14 08:41:16', 3, 'Connexion au lecteur RFID Restitution retrouvée', 0, 0, 1),
(1516, '2013-06-14 08:57:33', 17, 'Les articles, code 60864 en taille 0, 4, 1, 5, 2, 3, ne sont plus en stock', 1, 1, 1),
(1517, '2013-06-14 08:57:33', 17, 'Les articles, code 60880 en taille 0, 4, 1, 5, 2, 3, ne sont plus en stock', 1, 1, 1),
(1518, '2013-06-14 09:30:19', 17, 'Les articles, code 60864 en taille 0, 4, 1, 5, 2, 3, ne sont plus en stock', 1, 1, 1),
(1519, '2013-06-14 09:30:19', 17, 'Les articles, code 60880 en taille 0, 4, 1, 5, 2, 3, ne sont plus en stock', 1, 1, 1),
(1520, '2013-06-14 09:33:52', 17, 'Les articles, code 60864 en taille 0, 4, 1, 5, 2, 3, ne sont plus en stock', 7, 1, 1),
(1521, '2013-06-14 09:33:52', 17, 'Les articles, code 60880 en taille 0, 4, 1, 5, 2, 3, ne sont plus en stock', 7, 1, 1),
(1522, '2013-06-14 09:34:41', 17, 'Les articles, code 60864 en taille 0, 4, 1, 5, 2, 3, ne sont plus en stock', 1, 1, 1),
(1523, '2013-06-14 09:34:41', 17, 'Les articles, code 60880 en taille 0, 4, 1, 5, 2, 3, ne sont plus en stock', 1, 1, 1),
(1524, '2013-06-14 09:42:24', 17, 'Les articles, code 60864 en taille 0, 4, 1, 5, 2, 3, ne sont plus en stock', 7, 1, 1),
(1525, '2013-06-14 09:42:24', 17, 'Les articles, code 60880 en taille 0, 4, 1, 5, 2, 3, ne sont plus en stock', 7, 1, 1),
(1526, '2013-06-14 09:47:49', 17, 'Les articles, code 60864 en taille 0, 4, 1, 5, 2, 3, ne sont plus en stock', 1, 1, 1),
(1527, '2013-06-14 09:47:49', 17, 'Les articles, code 60880 en taille 0, 4, 1, 5, 2, 3, ne sont plus en stock', 1, 1, 1),
(1528, '2013-06-14 10:29:28', 3, 'Connexion au lecteur RFID Armoire retrouvée', 0, 0, 1),
(1529, '2013-06-14 11:14:17', 17, 'Les articles, code 60864 en taille 0, 4, 1, 5, 2, 3, ne sont plus en stock', 1, 1, 1),
(1530, '2013-06-14 11:14:17', 17, 'Les articles, code 60880 en taille 0, 4, 1, 5, 2, 3, ne sont plus en stock', 1, 1, 1),
(1531, '2013-06-14 11:21:15', 17, 'Les articles, code 60864 en taille 0, 4, 1, 5, 2, 3, ne sont plus en stock', 7, 1, 1),
(1532, '2013-06-14 11:21:15', 17, 'Les articles, code 60880 en taille 0, 4, 1, 5, 2, 3, ne sont plus en stock', 7, 1, 1),
(1533, '2013-06-14 11:44:51', 17, 'Les articles, code 60864 en taille 0, 4, 1, 5, 2, 3, ne sont plus en stock', 1, 1, 1),
(1534, '2013-06-14 11:44:51', 17, 'Les articles, code 60880 en taille 0, 4, 1, 5, 2, 3, ne sont plus en stock', 1, 1, 1),
(1535, '2013-06-14 11:45:13', 17, 'Les articles, code 60864 en taille 0, 4, 1, 5, 2, 3, ne sont plus en stock', 1, 1, 1),
(1536, '2013-06-14 11:45:13', 17, 'Les articles, code 60880 en taille 0, 4, 1, 5, 2, 3, ne sont plus en stock', 1, 1, 1),
(1537, '2013-06-14 11:45:38', 17, 'Les articles, code 60864 en taille 0, 4, 1, 5, 2, 3, ne sont plus en stock', 1, 1, 1),
(1538, '2013-06-14 11:45:38', 17, 'Les articles, code 60880 en taille 0, 4, 1, 5, 2, 3, ne sont plus en stock', 1, 1, 1),
(1539, '2013-06-14 11:46:31', 17, 'Les articles, code 60864 en taille 0, 4, 1, 5, 2, 3, ne sont plus en stock', 1, 1, 1),
(1540, '2013-06-14 11:46:31', 17, 'Les articles, code 60880 en taille 0, 4, 1, 5, 2, 3, ne sont plus en stock', 1, 1, 1),
(1541, '2013-06-14 11:47:00', 17, 'Les articles, code 60864 en taille 0, 4, 1, 5, 2, 3, ne sont plus en stock', 1, 1, 1),
(1542, '2013-06-14 11:47:00', 17, 'Les articles, code 60880 en taille 0, 4, 1, 5, 2, 3, ne sont plus en stock', 1, 1, 1),
(1543, '2013-06-14 11:49:04', 17, 'Les articles, code 60864 en taille 0, 4, 1, 5, 2, 3, ne sont plus en stock', 1, 1, 1),
(1544, '2013-06-14 11:49:04', 17, 'Les articles, code 60880 en taille 0, 4, 1, 5, 2, 3, ne sont plus en stock', 1, 1, 1),
(1545, '2013-06-14 11:50:31', 17, 'Les articles, code 60864 en taille 0, 4, 1, 5, 2, 3, ne sont plus en stock', 1, 1, 1),
(1546, '2013-06-14 11:50:31', 17, 'Les articles, code 60880 en taille 0, 4, 1, 5, 2, 3, ne sont plus en stock', 1, 1, 1),
(1547, '2013-06-14 11:50:53', 17, 'Les articles, code 60864 en taille 0, 4, 1, 5, 2, 3, ne sont plus en stock', 1, 1, 1),
(1548, '2013-06-14 11:50:53', 17, 'Les articles, code 60880 en taille 0, 4, 1, 5, 2, 3, ne sont plus en stock', 1, 1, 1),
(1549, '2013-06-14 11:51:28', 17, 'Les articles, code 60864 en taille 0, 4, 1, 5, 2, 3, ne sont plus en stock', 1, 1, 1),
(1550, '2013-06-14 11:51:28', 17, 'Les articles, code 60880 en taille 0, 4, 1, 5, 2, 3, ne sont plus en stock', 1, 1, 1),
(1551, '2013-06-14 11:52:16', 17, 'Les articles, code 60864 en taille 0, 4, 1, 5, 2, 3, ne sont plus en stock', 1, 1, 1),
(1552, '2013-06-14 11:52:16', 17, 'Les articles, code 60880 en taille 0, 4, 1, 5, 2, 3, ne sont plus en stock', 1, 1, 1),
(1553, '2013-06-14 11:53:01', 17, 'Les articles, code 60864 en taille 0, 4, 1, 5, 2, 3, ne sont plus en stock', 1, 1, 1),
(1554, '2013-06-14 11:53:01', 17, 'Les articles, code 60880 en taille 0, 4, 1, 5, 2, 3, ne sont plus en stock', 1, 1, 1),
(1555, '2013-06-14 11:53:30', 17, 'Les articles, code 60864 en taille 0, 4, 1, 5, 2, 3, ne sont plus en stock', 1, 1, 1),
(1556, '2013-06-14 11:53:30', 17, 'Les articles, code 60880 en taille 0, 4, 1, 5, 2, 3, ne sont plus en stock', 1, 1, 1),
(1557, '2013-06-14 11:54:17', 17, 'Les articles, code 60864 en taille 0, 4, 1, 5, 2, 3, ne sont plus en stock', 1, 1, 1),
(1558, '2013-06-14 11:54:17', 17, 'Les articles, code 60880 en taille 0, 4, 1, 5, 2, 3, ne sont plus en stock', 1, 1, 1),
(1559, '2013-06-14 11:55:23', 17, 'Les articles, code 60864 en taille 0, 4, 1, 5, 2, 3, ne sont plus en stock', 1, 1, 1),
(1560, '2013-06-14 11:55:23', 17, 'Les articles, code 60880 en taille 0, 4, 1, 5, 2, 3, ne sont plus en stock', 1, 1, 1),
(1561, '2013-06-14 11:56:25', 17, 'Les articles, code 60864 en taille 0, 4, 1, 5, 2, 3, ne sont plus en stock', 1, 1, 1),
(1562, '2013-06-14 11:56:25', 17, 'Les articles, code 60880 en taille 0, 4, 1, 5, 2, 3, ne sont plus en stock', 1, 1, 1),
(1563, '2013-06-14 11:57:39', 17, 'Les articles, code 60864 en taille 0, 4, 1, 5, 2, 3, ne sont plus en stock', 1, 1, 1),
(1564, '2013-06-14 11:57:39', 17, 'Les articles, code 60880 en taille 0, 4, 1, 5, 2, 3, ne sont plus en stock', 1, 1, 1),
(1565, '2013-06-14 11:57:57', 17, 'Les articles, code 60864 en taille 0, 4, 1, 5, 2, 3, ne sont plus en stock', 1, 1, 1),
(1566, '2013-06-14 11:57:57', 17, 'Les articles, code 60880 en taille 0, 4, 1, 5, 2, 3, ne sont plus en stock', 1, 1, 1),
(1567, '2013-06-14 11:58:37', 17, 'Les articles, code 60864 en taille 0, 4, 1, 5, 2, 3, ne sont plus en stock', 1, 1, 1),
(1568, '2013-06-14 11:58:37', 17, 'Les articles, code 60880 en taille 0, 4, 1, 5, 2, 3, ne sont plus en stock', 1, 1, 1),
(1569, '2013-06-14 11:59:25', 17, 'Les articles, code 60864 en taille 0, 4, 1, 5, 2, 3, ne sont plus en stock', 1, 1, 1),
(1570, '2013-06-14 11:59:25', 17, 'Les articles, code 60880 en taille 0, 4, 1, 5, 2, 3, ne sont plus en stock', 1, 1, 1),
(1571, '2013-06-14 12:00:59', 17, 'Les articles, code 60864 en taille 0, 4, 1, 5, 2, 3, ne sont plus en stock', 1, 1, 1),
(1572, '2013-06-14 12:00:59', 17, 'Les articles, code 60880 en taille 0, 4, 1, 5, 2, 3, ne sont plus en stock', 1, 1, 1),
(1573, '2013-06-14 13:52:04', 3, 'Connexion au lecteur RFID Restitution retrouvée', 0, 0, 1),
(1574, '2013-06-14 13:59:07', 3, 'Connexion au lecteur RFID Armoire retrouvée', 0, 0, 1),
(1575, '2013-06-14 14:39:10', 3, 'Connexion au lecteur RFID Restitution retrouvée', 0, 0, 1),
(1576, '2013-06-14 18:19:30', 3, 'Connexion au lecteur RFID Armoire retrouvée', 0, 0, 1),
(1577, '2013-06-14 18:50:30', 3, 'Connexion au lecteur RFID Restitution retrouvée', 0, 0, 1),
(1578, '2013-06-14 19:39:55', 3, 'Connexion au lecteur RFID Restitution retrouvée', 0, 0, 1),
(1579, '2013-06-14 22:28:27', 3, 'Connexion au lecteur RFID Restitution retrouvée', 0, 0, 1),
(1580, '2013-06-14 23:25:33', 3, 'Connexion au lecteur RFID Restitution retrouvée', 0, 0, 1),
(1581, '2013-06-14 23:37:48', 3, 'Connexion au lecteur RFID Armoire retrouvée', 0, 0, 1),
(1582, '2013-06-15 00:02:36', 3, 'Connexion au lecteur RFID Armoire retrouvée', 0, 0, 1),
(1583, '2013-06-15 02:28:09', 3, 'Connexion au lecteur RFID Restitution retrouvée', 0, 0, 1),
(1584, '2013-06-15 05:37:42', 3, 'Connexion au lecteur RFID Armoire retrouvée', 0, 0, 1),
(1585, '2013-06-15 05:50:17', 3, 'Connexion au lecteur RFID Armoire retrouvée', 0, 0, 1),
(1586, '2013-06-15 07:11:21', 3, 'Connexion au lecteur RFID Armoire retrouvée', 0, 0, 1),
(1587, '2013-06-15 07:12:12', 3, 'Connexion au lecteur RFID Armoire retrouvée', 0, 0, 1),
(1588, '2013-06-15 07:42:02', 3, 'Connexion au lecteur RFID Armoire retrouvée', 0, 0, 1),
(1589, '2013-06-15 09:09:49', 3, 'Connexion au lecteur RFID Restitution retrouvée', 0, 0, 1),
(1590, '2013-06-15 09:21:34', 3, 'Connexion au lecteur RFID Restitution retrouvée', 0, 0, 1),
(1591, '2013-06-15 09:59:36', 3, 'Connexion au lecteur RFID Restitution retrouvée', 0, 0, 1),
(1592, '2013-06-15 10:23:04', 3, 'Connexion au lecteur RFID Restitution retrouvée', 0, 0, 1),
(1593, '2013-06-15 10:41:41', 3, 'Connexion au lecteur RFID Armoire retrouvée', 0, 0, 1),
(1594, '2013-06-15 11:38:19', 3, 'Connexion au lecteur RFID Restitution retrouvée', 0, 0, 1),
(1595, '2013-06-15 11:43:51', 3, 'Connexion au lecteur RFID Restitution retrouvée', 0, 0, 1),
(1596, '2013-06-15 12:33:57', 3, 'Connexion au lecteur RFID Armoire retrouvée', 0, 0, 1),
(1597, '2013-06-15 13:40:18', 3, 'Connexion au lecteur RFID Restitution retrouvée', 0, 0, 1),
(1598, '2013-06-15 14:01:04', 3, 'Connexion au lecteur RFID Restitution retrouvée', 0, 0, 1),
(1599, '2013-06-15 14:50:10', 3, 'Connexion au lecteur RFID Restitution retrouvée', 0, 0, 1),
(1600, '2013-06-15 15:14:18', 3, 'Connexion au lecteur RFID Armoire retrouvée', 0, 0, 1),
(1601, '2013-06-15 18:02:52', 3, 'Connexion au lecteur RFID Restitution retrouvée', 0, 0, 1),
(1602, '2013-06-15 18:46:36', 3, 'Connexion au lecteur RFID Restitution retrouvée', 0, 0, 1),
(1603, '2013-06-15 20:06:41', 3, 'Connexion au lecteur RFID Restitution retrouvée', 0, 0, 1),
(1604, '2013-06-15 22:23:52', 3, 'Connexion au lecteur RFID Restitution retrouvée', 0, 0, 1),
(1605, '2013-06-15 22:36:16', 3, 'Connexion au lecteur RFID Armoire retrouvée', 0, 0, 1),
(1606, '2013-06-15 22:36:57', 3, 'Connexion au lecteur RFID Armoire retrouvée', 0, 0, 1),
(1607, '2013-06-15 22:42:39', 3, 'Connexion au lecteur RFID Armoire retrouvée', 0, 0, 1),
(1608, '2013-06-16 00:16:29', 3, 'Connexion au lecteur RFID Restitution retrouvée', 0, 0, 1),
(1609, '2013-06-16 01:11:37', 3, 'Connexion au lecteur RFID Armoire retrouvée', 0, 0, 1),
(1610, '2013-06-16 01:48:00', 3, 'Connexion au lecteur RFID Restitution retrouvée', 0, 0, 1),
(1611, '2013-06-16 04:26:06', 3, 'Connexion au lecteur RFID Restitution retrouvée', 0, 0, 1),
(1612, '2013-06-16 04:31:39', 3, 'Connexion au lecteur RFID Restitution retrouvée', 0, 0, 1),
(1613, '2013-06-16 07:24:14', 3, 'Connexion au lecteur RFID Restitution retrouvée', 0, 0, 1),
(1614, '2013-06-16 07:57:14', 3, 'Connexion au lecteur RFID Restitution retrouvée', 0, 0, 1),
(1615, '2013-06-16 09:36:56', 3, 'Connexion au lecteur RFID Restitution retrouvée', 0, 0, 1),
(1616, '2013-06-16 10:50:18', 3, 'Connexion au lecteur RFID Restitution retrouvée', 0, 0, 1),
(1617, '2013-06-16 11:22:39', 3, 'Connexion au lecteur RFID Restitution retrouvée', 0, 0, 1),
(1618, '2013-06-16 11:41:05', 3, 'Connexion au lecteur RFID Restitution retrouvée', 0, 0, 1),
(1619, '2013-06-16 14:15:43', 3, 'Connexion au lecteur RFID Restitution retrouvée', 0, 0, 1),
(1620, '2013-06-16 14:45:54', 3, 'Connexion au lecteur RFID Restitution retrouvée', 0, 0, 1),
(1621, '2013-06-16 15:06:20', 3, 'Connexion au lecteur RFID Restitution retrouvée', 0, 0, 1),
(1622, '2013-06-16 16:57:16', 3, 'Connexion au lecteur RFID Restitution retrouvée', 0, 0, 1),
(1623, '2013-06-16 20:10:35', 3, 'Connexion au lecteur RFID Restitution retrouvée', 0, 0, 1),
(1624, '2013-06-16 20:35:03', 3, 'Connexion au lecteur RFID Restitution retrouvée', 0, 0, 1),
(1625, '2013-06-16 22:39:34', 3, 'Connexion au lecteur RFID Restitution retrouvée', 0, 0, 1),
(1626, '2013-06-16 22:51:47', 3, 'Connexion au lecteur RFID Restitution retrouvée', 0, 0, 1),
(1627, '2013-06-17 03:09:25', 3, 'Connexion au lecteur RFID Restitution retrouvée', 0, 0, 1),
(1628, '2013-06-17 03:21:29', 3, 'Connexion au lecteur RFID Restitution retrouvée', 0, 0, 1),
(1629, '2013-06-17 05:05:04', 3, 'Connexion au lecteur RFID Armoire retrouvée', 0, 0, 1),
(1630, '2013-06-17 06:27:07', 3, 'Connexion au lecteur RFID Restitution retrouvée', 0, 0, 1),
(1631, '2013-06-17 06:41:21', 3, 'Connexion au lecteur RFID Restitution retrouvée', 0, 0, 1),
(1632, '2013-06-17 07:04:39', 3, 'Connexion au lecteur RFID Restitution retrouvée', 0, 0, 1),
(1633, '2013-06-17 07:54:54', 3, 'Connexion au lecteur RFID Restitution retrouvée', 0, 0, 1),
(1634, '2013-06-17 10:06:45', 3, 'Connexion au lecteur RFID Restitution retrouvée', 0, 0, 1),
(1635, '2013-06-19 10:10:45', 3, 'Lecteur RFID non connecté', 0, 2, 1),
(1636, '2013-06-19 10:11:19', 3, 'Connexion au lecteur RFID Armoire perdue', 0, 2, 1),
(1637, '2013-06-19 10:35:41', 3, 'Lecteur RFID non connecté', 0, 2, 1),
(1638, '2013-06-19 10:36:26', 3, 'Lecteur RFID non connecté', 0, 2, 1),
(1639, '2013-06-19 10:36:37', 3, 'Connexion au lecteur RFID Armoire retrouvée', 0, 2, 1),
(1640, '2013-06-19 10:48:22', 3, 'Lecteur RFID non connecté', 0, 2, 1),
(1641, '2013-06-19 10:48:34', 3, 'Connexion au lecteur RFID Armoire retrouvée', 0, 2, 1),
(1642, '2013-06-19 11:06:12', 3, 'Lecteur RFID non connecté', 0, 2, 1),
(1643, '2013-06-19 11:06:24', 3, 'Connexion au lecteur RFID Armoire retrouvée', 0, 2, 1),
(1644, '2013-06-20 09:34:15', 3, 'Lecteur RFID non connecté', 0, 2, 1),
(1645, '2013-06-20 09:40:07', 3, 'Lecteur RFID non connecté', 0, 2, 1),
(1646, '2013-06-20 09:40:17', 3, 'Connexion au lecteur RFID Armoire retrouvée', 0, 2, 1),
(1647, '2013-06-20 14:35:14', 3, 'Lecteur RFID non connecté', 0, 2, 1),
(1648, '2013-06-20 14:35:24', 3, 'Connexion au lecteur RFID Armoire retrouvée', 0, 2, 1),
(1649, '2013-06-20 15:00:49', 3, 'Lecteur RFID non connecté', 0, 2, 1),
(1650, '2013-06-20 15:01:00', 3, 'Connexion au lecteur RFID Armoire retrouvée', 0, 2, 1),
(1651, '2013-06-20 15:16:39', 3, 'Lecteur RFID non connecté', 0, 2, 1),
(1652, '2013-06-20 15:16:50', 3, 'Connexion au lecteur RFID Armoire retrouvée', 0, 2, 1),
(1653, '2013-06-20 15:19:57', 3, 'Lecteur RFID non connecté', 0, 2, 1),
(1654, '2013-06-20 15:20:08', 3, 'Connexion au lecteur RFID Armoire retrouvée', 0, 2, 1),
(1655, '2013-06-20 16:24:54', 3, 'Lecteur RFID non connecté', 0, 2, 1),
(1656, '2013-06-20 16:25:05', 3, 'Connexion au lecteur RFID Armoire retrouvée', 0, 2, 1),
(1657, '2013-06-20 16:59:17', 3, 'Lecteur RFID non connecté', 0, 2, 1),
(1658, '2013-06-20 16:59:28', 3, 'Connexion au lecteur RFID Armoire retrouvée', 0, 2, 1),
(1659, '2013-06-20 17:32:48', 3, 'Lecteur RFID non connecté', 0, 2, 1),
(1660, '2013-06-20 17:32:59', 3, 'Connexion au lecteur RFID Armoire retrouvée', 0, 2, 1),
(1661, '2013-06-24 14:25:31', 3, 'Lecteur RFID non connecté', 0, 2, 1),
(1662, '2013-06-24 14:25:42', 3, 'Connexion au lecteur RFID Armoire retrouvée', 0, 2, 1),
(1663, '2013-06-24 14:34:54', 3, 'Lecteur RFID non connecté', 0, 2, 1),
(1664, '2013-06-24 14:35:04', 3, 'Connexion au lecteur RFID Armoire retrouvée', 0, 2, 1),
(1665, '2013-06-24 16:25:54', 3, 'Lecteur RFID non connecté', 0, 2, 1),
(1666, '2013-06-24 16:26:04', 3, 'Connexion au lecteur RFID Armoire retrouvée', 0, 2, 1),
(1667, '2013-06-24 17:00:49', 3, 'Lecteur RFID non connecté', 0, 2, 1),
(1668, '2013-06-24 17:01:00', 3, 'Connexion au lecteur RFID Armoire retrouvée', 0, 2, 1),
(1669, '2013-06-24 17:50:09', 3, 'Lecteur RFID non connecté', 0, 2, 1),
(1670, '2013-06-24 17:50:20', 3, 'Connexion au lecteur RFID Armoire retrouvée', 0, 2, 1),
(1671, '2013-06-25 10:00:14', 3, 'Lecteur RFID non connecté', 0, 2, 1),
(1672, '2013-06-25 10:00:25', 3, 'Connexion au lecteur RFID Armoire retrouvée', 0, 2, 1),
(1673, '2013-06-25 10:58:24', 3, 'Lecteur RFID non connecté', 0, 2, 1),
(1674, '2013-06-25 10:58:34', 3, 'Connexion au lecteur RFID Armoire retrouvée', 0, 2, 1),
(1675, '2013-06-25 11:57:34', 3, 'Lecteur RFID non connecté', 0, 2, 1),
(1676, '2013-06-25 11:57:44', 3, 'Connexion au lecteur RFID Armoire retrouvée', 0, 2, 1),
(1677, '2013-06-25 15:23:21', 3, 'Lecteur RFID non connecté', 0, 2, 1),
(1678, '2013-06-25 15:23:31', 3, 'Connexion au lecteur RFID Armoire retrouvée', 0, 2, 1),
(1679, '2013-06-25 16:45:48', 3, 'Lecteur RFID non connecté', 0, 2, 1),
(1680, '2013-06-25 16:45:58', 3, 'Connexion au lecteur RFID Armoire retrouvée', 0, 2, 1),
(1681, '2013-06-25 17:11:59', 3, 'Lecteur RFID non connecté', 0, 2, 1),
(1682, '2013-06-25 17:12:10', 3, 'Connexion au lecteur RFID Armoire retrouvée', 0, 2, 1),
(1683, '2013-06-26 13:15:39', 3, 'Lecteur RFID non connecté', 0, 2, 1),
(1684, '2013-06-26 13:15:50', 3, 'Connexion au lecteur RFID Armoire retrouvée', 0, 2, 1),
(1685, '2013-06-26 14:13:20', 3, 'Lecteur RFID non connecté', 0, 2, 1),
(1686, '2013-06-26 14:13:31', 3, 'Connexion au lecteur RFID Armoire retrouvée', 0, 2, 1),
(1687, '2013-06-26 14:35:13', 3, 'Lecteur RFID non connecté', 0, 2, 1),
(1688, '2013-06-26 14:35:24', 3, 'Connexion au lecteur RFID Armoire retrouvée', 0, 2, 1),
(1689, '2013-06-26 14:40:02', 3, 'Lecteur RFID non connecté', 0, 2, 1),
(1690, '2013-06-26 14:40:13', 3, 'Connexion au lecteur RFID Armoire retrouvée', 0, 2, 1),
(1691, '2013-06-26 15:44:05', 3, 'Lecteur RFID non connecté', 0, 2, 1),
(1692, '2013-06-26 15:44:15', 3, 'Connexion au lecteur RFID Armoire retrouvée', 0, 2, 1),
(1693, '2013-06-26 15:53:24', 3, 'Lecteur RFID non connecté', 0, 2, 1),
(1694, '2013-06-26 15:53:34', 3, 'Connexion au lecteur RFID Armoire retrouvée', 0, 2, 1),
(1695, '2013-06-26 16:49:23', 3, 'Lecteur RFID non connecté', 0, 2, 1),
(1696, '2013-06-26 16:49:34', 3, 'Connexion au lecteur RFID Armoire retrouvée', 0, 2, 1),
(1697, '2013-06-26 17:32:33', 3, 'Lecteur RFID non connecté', 0, 2, 1),
(1698, '2013-06-26 17:32:43', 3, 'Connexion au lecteur RFID Armoire retrouvée', 0, 2, 1),
(1699, '2013-07-01 11:42:19', 3, 'Lecteur RFID non connecté', 0, 2, 1),
(1700, '2013-07-01 11:42:29', 3, 'Connexion au lecteur RFID Armoire retrouvée', 0, 2, 1),
(1701, '2013-07-01 15:31:47', 3, 'Lecteur RFID non connecté', 0, 2, 1),
(1702, '2013-07-01 15:31:57', 3, 'Connexion au lecteur RFID Armoire retrouvée', 0, 2, 1),
(1703, '2013-07-01 15:41:54', 3, 'Lecteur RFID non connecté', 0, 2, 1),
(1704, '2013-07-01 15:42:04', 3, 'Connexion au lecteur RFID Armoire retrouvée', 0, 2, 1),
(1705, '2013-07-01 15:45:34', 3, 'Lecteur RFID non connecté', 0, 2, 1),
(1706, '2013-07-01 15:45:44', 3, 'Connexion au lecteur RFID Armoire retrouvée', 0, 2, 1),
(1707, '2013-07-01 15:51:11', 3, 'Lecteur RFID non connecté', 0, 2, 1),
(1708, '2013-07-01 15:51:22', 3, 'Connexion au lecteur RFID Armoire retrouvée', 0, 2, 1),
(1709, '2013-07-01 15:58:31', 3, 'Lecteur RFID non connecté', 0, 2, 1),
(1710, '2013-07-01 15:58:41', 3, 'Connexion au lecteur RFID Armoire retrouvée', 0, 2, 1),
(1711, '2013-07-01 16:02:55', 3, 'Lecteur RFID non connecté', 0, 2, 1),
(1712, '2013-07-01 16:03:05', 3, 'Connexion au lecteur RFID Armoire retrouvée', 0, 2, 1),
(1713, '2013-07-01 16:13:34', 3, 'Lecteur RFID non connecté', 0, 2, 1),
(1714, '2013-07-01 16:13:45', 3, 'Connexion au lecteur RFID Armoire retrouvée', 0, 2, 1),
(1715, '2013-07-01 16:18:50', 3, 'Lecteur RFID non connecté', 0, 2, 1),
(1716, '2013-07-01 16:19:01', 3, 'Connexion au lecteur RFID Armoire retrouvée', 0, 2, 1),
(1717, '2013-07-01 16:31:37', 3, 'Lecteur RFID non connecté', 0, 2, 1),
(1718, '2013-07-01 16:31:48', 3, 'Connexion au lecteur RFID Armoire retrouvée', 0, 2, 1),
(1719, '2013-07-11 10:56:10', 3, 'Lecteur RFID non connecté', 0, 2, 1),
(1720, '2013-07-11 11:04:40', 3, 'Lecteur RFID non connecté', 0, 2, 1),
(1721, '2013-07-11 11:04:51', 3, 'Connexion au lecteur RFID Armoire retrouvée', 0, 2, 1),
(1722, '2013-07-11 14:45:39', 3, 'Lecteur RFID non connecté', 0, 2, 1),
(1723, '2013-07-11 17:16:44', 3, 'Lecteur RFID non connecté', 0, 2, 1);
INSERT INTO `alert` (`Id`, `Date_Creation`, `Alert_Type_Id`, `Message`, `User_ID`, `Armoire_ID`, `Traiter`) VALUES
(1724, '2013-07-11 17:18:33', 3, 'Lecteur RFID non connecté', 0, 2, 1),
(1725, '2013-07-11 17:48:02', 3, 'Lecteur RFID non connecté', 0, 2, 1),
(1726, '2013-07-15 11:50:37', 2, 'Carte LED non présente', 0, 2, 1),
(1727, '2013-07-16 11:18:57', 2, 'Carte LED non présente', 0, 2, 1),
(1728, '2013-07-22 12:11:59', 2, 'Carte LED non présente', 0, 2, 1),
(1729, '2013-07-22 12:12:22', 3, 'Lecteur RFID non connecté', 0, 2, 1),
(1730, '2013-07-22 12:13:46', 3, 'Connexion au lecteur RFID Armoire perdue', 0, 2, 1),
(1731, '2013-07-22 12:17:10', 3, 'Lecteur RFID non connecté', 0, 2, 1),
(1732, '2013-07-22 12:17:41', 3, 'Connexion au lecteur RFID Armoire perdue', 0, 2, 1),
(1733, '2013-07-22 12:23:40', 3, 'Connexion au lecteur RFID Armoire perdue', 0, 2, 1),
(1734, '2013-07-24 10:23:09', 3, 'Lecteur RFID non connecté', 0, 0, 1),
(1735, '2013-07-24 10:23:41', 3, 'Connexion au lecteur RFID Armoire perdue', 0, 0, 1),
(1736, '2013-07-24 10:28:28', 3, 'Lecteur RFID non connecté', 0, 0, 1),
(1737, '2013-07-24 10:29:01', 3, 'Connexion au lecteur RFID Armoire perdue', 0, 0, 1),
(1738, '2013-07-24 10:35:31', 3, 'Lecteur RFID non connecté', 0, 0, 1),
(1739, '2013-07-24 10:36:02', 3, 'Connexion au lecteur RFID Armoire perdue', 0, 0, 1),
(1740, '2013-07-24 10:41:23', 3, 'Lecteur RFID non connecté', 0, 0, 1),
(1741, '2013-07-24 10:41:54', 3, 'Connexion au lecteur RFID Armoire perdue', 0, 0, 1),
(1742, '2013-07-24 10:45:53', 3, 'Lecteur RFID non connecté', 0, 0, 1),
(1743, '2013-07-24 10:46:24', 3, 'Connexion au lecteur RFID Armoire perdue', 0, 0, 1),
(1744, '2013-07-24 10:50:37', 3, 'Lecteur RFID non connecté', 0, 0, 1),
(1745, '2013-07-24 10:51:07', 3, 'Connexion au lecteur RFID Armoire perdue', 0, 0, 1),
(1746, '2013-07-24 10:53:43', 3, 'Lecteur RFID non connecté', 0, 0, 1),
(1747, '2013-07-24 10:56:44', 3, 'Lecteur RFID non connecté', 0, 0, 1),
(1748, '2013-07-24 10:57:19', 3, 'Lecteur RFID non connecté', 0, 0, 1),
(1749, '2013-07-24 10:57:50', 3, 'Connexion au lecteur RFID Armoire perdue', 0, 0, 1),
(1750, '2013-07-25 10:30:26', 2, 'Carte LED non présente', 0, 0, 1),
(1751, '2013-07-25 13:45:29', 2, 'Carte LED non présente', 0, 0, 1),
(1752, '2013-07-25 14:02:18', 2, 'Carte LED non présente', 0, 0, 1),
(1753, '2013-07-25 14:05:26', 2, 'Carte LED non présente', 0, 0, 1),
(1754, '2013-07-25 14:53:35', 3, 'Lecteur RFID non connecté', 0, 0, 1),
(1755, '2013-07-25 15:03:39', 3, 'Lecteur RFID non connecté', 0, 0, 1),
(1756, '2013-07-25 15:31:11', 3, 'Lecteur RFID non connecté', 0, 0, 1),
(1757, '2013-07-25 15:37:52', 3, 'Lecteur RFID non connecté', 0, 0, 1),
(1758, '2013-07-25 17:29:21', 3, 'Lecteur RFID non connecté', 0, 0, 1),
(1759, '2013-07-26 11:59:18', 2, 'Carte LED non présente', 0, 0, 1),
(1760, '2013-07-26 11:59:20', 3, 'Lecteur RFID non connecté', 0, 0, 1),
(1761, '2013-07-29 14:26:50', 3, 'Lecteur RFID non connecté', 0, 0, 1),
(1762, '2013-07-29 14:28:47', 3, 'Lecteur RFID non connecté', 0, 0, 1),
(1763, '2013-08-09 10:37:20', 2, 'Carte LED non présente', 0, 1, 1),
(1764, '2013-09-03 14:25:32', 3, 'Lecteur RFID non connecté', 0, 1, 1),
(1765, '2013-09-18 14:31:22', 2, 'Carte LED non présente', 0, 1, 1);

-- --------------------------------------------------------

--
-- Structure de la table `alert_type`
--

CREATE TABLE IF NOT EXISTS `alert_type` (
  `Id` int(11) NOT NULL,
  `Type` varchar(255) NOT NULL,
  `Code` varchar(255) NOT NULL,
  `Description` varchar(255) NOT NULL,
  `Niveau` varchar(255) NOT NULL,
  `Contact` varchar(255) NOT NULL,
  PRIMARY KEY (`Id`)
) ENGINE=MyISAM DEFAULT CHARSET=latin1;

--
-- Contenu de la table `alert_type`
--

INSERT INTO `alert_type` (`Id`, `Type`, `Code`, `Description`, `Niveau`, `Contact`) VALUES
(1, 'System', 'Database', 'Erreur d’accès a la base de données', '8', ''),
(0, 'System', 'Rail', 'Erreur dans le fonctionnement du rail', '8', ''),
(3, 'System', 'Impinj', 'Erreur du lecteur RFID', '8', ''),
(4, 'System', 'Badge', 'Erreur du lecteur de Badge', '8', ''),
(2, 'System', 'LED', 'Erreur Carte LED', '7', ''),
(5, 'System', 'Application', 'Erreur de l''application', '8', ''),
(6, 'System', 'Reseau', 'Problème d’accès au réseau', '7', ''),
(7, 'Reload', 'Intrus inséré dans l''armoire', 'Intrus inséré dans l''armoire lors du rechargement', '5', ''),
(8, 'User', 'Retrait Taille erronée', 'Erreur sur la Taille lors du retrait', '2', ''),
(9, 'User', 'Retrait Incomplet', 'Erreur de correspondance entre la commande et le retrait', '1', ''),
(10, 'User', 'Retrait Excessif', 'Erreur de correspondance entre la commande et le retrait', '5', ''),
(11, 'User', 'Restitution vide', 'Aucun vêtements dans le bac de restitution après ouverture', '1', ''),
(12, 'User', 'Temps d''utilisation', ' 	Utilisation anormalement longue', '2', ''),
(13, 'User', 'Temps d''ouverture', ' 	Armoire ouverte depuis plus de 30 secondes', '3', ''),
(14, 'User', 'Armoire abandonnée', 'Armoire ouverte depuis plus de 1 minute', '4', ''),
(15, 'User', 'Intrus', 'L''utilisateur a inséré un intrus dans l''armoire', '3', ''),
(16, 'User', 'Crédit dépassé', 'Crédit de l''utilisateur inférieur à 0', '5', ''),
(17, 'User', 'Stock Vide', 'Épuisement des stocks pour un article donné.', '6', ''),
(18, 'User', 'Seuil atteint', 'Stock minimal d''alerte atteint', '5', ''),
(19, 'Reload', 'Intrus inconnu', 'Intrus inconnus inséré dans l''armoire lors du rechargement', '5', ''),
(20, 'User', 'Intrus inconnu', 'L''utilisateur a inséré un intrus inconnu dans l''armoire', '3', '');

-- --------------------------------------------------------

--
-- Structure de la table `article_taille`
--

CREATE TABLE IF NOT EXISTS `article_taille` (
  `Article_Type_ID` int(8) NOT NULL COMMENT 'Id du type article correspondant au vêtement',
  `Taille` varchar(255) NOT NULL COMMENT 'Taille pour l''article donné',
  `Armoire` int(8) NOT NULL COMMENT 'Numérotation de l''armoire',
  `Vide` tinyint(1) NOT NULL COMMENT 'indique si le type d''article/taille est épuisé',
  PRIMARY KEY (`Article_Type_ID`,`Taille`,`Armoire`)
) ENGINE=MyISAM DEFAULT CHARSET=latin1;

--
-- Contenu de la table `article_taille`
--

INSERT INTO `article_taille` (`Article_Type_ID`, `Taille`, `Armoire`, `Vide`) VALUES
(3, '01', 2, 0),
(2, '03', 2, 0),
(2, '04', 2, 0),
(3, '04', 2, 0),
(2, '00', 2, 0),
(3, '00', 2, 0),
(2, '01', 2, 0),
(2, '01', 1, 0),
(3, '05', 1, 0),
(3, '02', 2, 0),
(2, '02', 1, 0),
(3, '05', 2, 0),
(2, '02', 2, 0),
(3, '03', 2, 0),
(6, '02', 1, 0),
(6, '00', 1, 0),
(5, '01', 1, 0),
(6, '01', 1, 0),
(4, '02', 1, 0),
(3, '08', 2, 0),
(2, '05', 2, 0),
(2, '06', 2, 0),
(4, '01', 1, 0),
(4, '00', 1, 0),
(1, '01', 2, 0),
(4, '04', 1, 0),
(1, '03', 2, 0),
(1, '04', 2, 0),
(1, '05', 2, 0),
(1, '06', 2, 0),
(1, '07', 2, 0),
(10, '02', 1, 0),
(10, '01', 1, 0),
(9, '02', 1, 0),
(9, '01', 1, 0),
(9, '00', 1, 0),
(8, '01', 1, 0),
(7, '01', 1, 0),
(6, '04', 1, 0),
(6, '03', 1, 0),
(1, '02', 2, 0),
(10, '03', 1, 0);

-- --------------------------------------------------------

--
-- Structure de la table `article_type`
--

CREATE TABLE IF NOT EXISTS `article_type` (
  `Id` int(8) NOT NULL,
  `Date_Creation` datetime NOT NULL,
  `Date_Modification` datetime NOT NULL,
  `Code` varchar(255) NOT NULL,
  `Type_Taille` char(1) NOT NULL DEFAULT '1' COMMENT 'Numéro de la table de correspondance des tailles',
  `Description` varchar(255) NOT NULL,
  `Couleur` varchar(255) NOT NULL,
  `Sexe` varchar(255) NOT NULL,
  `Photo` varchar(255) NOT NULL,
  `Active` int(8) NOT NULL,
  `Description_longue` varchar(255) NOT NULL COMMENT 'Intitulé qui est affiché dans l''application Web',
  PRIMARY KEY (`Id`)
) ENGINE=MyISAM DEFAULT CHARSET=latin1;

--
-- Contenu de la table `article_type`
--

INSERT INTO `article_type` (`Id`, `Date_Creation`, `Date_Modification`, `Code`, `Type_Taille`, `Description`, `Couleur`, `Sexe`, `Photo`, `Active`, `Description_longue`) VALUES
(1, '2013-04-08 00:00:00', '2013-04-08 00:00:00', '60875', '1', 'Pantalon 60875', 'Noir', 'Mixte', '/Images/Pantalon.JPG', 1, ''),
(2, '2013-04-08 00:00:00', '2013-04-08 00:00:00', '60864', '1', 'Polo 60864', 'Noir', 'Mixte', '/Images/Veste.JPG', 1, ''),
(3, '2013-04-08 00:00:00', '2013-04-08 00:00:00', '60880', '1', 'Tablier 60880', 'Noir', 'Mixte', '/Images/Veste.JPG', 1, ''),
(4, '2013-07-26 00:00:00', '2013-07-26 00:00:00', '4202', '1', 'Pantalon 4202', 'Blanc', 'Mixte', '/Images/Pantalon.JPG', 1, ''),
(5, '2013-07-26 00:00:00', '2013-07-26 00:00:00', '12345', '1', 'Tunique Hospice 12345', 'Blanche', 'Mixte', '/Images/Veste.JPG', 1, ''),
(6, '2013-07-26 00:00:00', '2013-07-26 00:00:00', '61047', '1', 'Veste 61047', 'Blanche', 'Mixte', '/Images/Veste.JPG', 1, ''),
(7, '2013-07-26 00:00:00', '2013-07-26 00:00:00', '61411', '1', 'Veste 61411', 'Bleue', 'Mixte', '/Images/Veste.JPG', 1, ''),
(8, '2013-07-26 00:00:00', '2013-07-26 00:00:00', '61412', '1', 'Pantalon 61412', 'Bleu', 'Mixte', '/Images/Pantalon.JPG', 1, ''),
(9, '2013-07-26 00:00:00', '2013-07-26 00:00:00', '61444', '1', 'Pantalon 61444', 'Blanc', 'Mixte', '/Images/Pantalon.JPG', 1, ''),
(10, '2013-07-26 00:00:00', '2013-07-26 00:00:00', '11111', '1', 'T-Shirt Test Lavage 11111', 'Blanc', 'Mixte', '/Images/Veste.JPG', 1, '');

-- --------------------------------------------------------

--
-- Structure de la table `case`
--

CREATE TABLE IF NOT EXISTS `case` (
  `Id` int(8) NOT NULL,
  `Bind_ID` int(32) NOT NULL,
  `Taille` varchar(255) NOT NULL,
  `Date_Creation` datetime NOT NULL DEFAULT '1971-01-01 00:00:00',
  `Max_Item` int(8) NOT NULL,
  `Article_Type_Id` int(8) NOT NULL,
  `Armoire_ID` int(8) NOT NULL,
  PRIMARY KEY (`Id`)
) ENGINE=MyISAM DEFAULT CHARSET=latin1;

--
-- Contenu de la table `case`
--

INSERT INTO `case` (`Id`, `Bind_ID`, `Taille`, `Date_Creation`, `Max_Item`, `Article_Type_Id`, `Armoire_ID`) VALUES
(1, 9, '00', '2013-04-10 00:00:00', 24, 3, 2),
(2, 10, '00', '2013-04-09 00:00:00', 24, 2, 2),
(3, 11, '04', '2013-04-09 00:00:00', 24, 3, 2),
(4, 12, '04', '2013-04-09 00:00:00', 24, 2, 2),
(5, 13, '03', '2013-04-09 00:00:00', 24, 2, 2),
(6, 14, '01', '2013-04-09 00:00:00', 24, 3, 2),
(7, 15, '04', '2013-04-09 00:00:00', 24, 2, 2),
(9, 17, '01', '2013-04-09 00:00:00', 24, 2, 2),
(10, 10, '01', '2013-04-09 00:00:00', 24, 2, 1),
(11, 11, '05', '2013-04-09 00:00:00', 24, 3, 1),
(12, 12, '05', '2013-04-09 00:00:00', 24, 3, 1),
(13, 20, '02', '2013-04-09 00:00:00', 24, 3, 2),
(14, 14, '02', '2013-04-09 00:00:00', 24, 2, 1),
(15, 23, '05', '2013-04-09 00:00:00', 24, 3, 2),
(17, 2, '02', '2013-04-09 00:00:00', 24, 2, 2),
(18, 18, '03', '2013-04-09 00:00:00', 24, 3, 2),
(19, 19, '05', '2013-04-09 00:00:00', 24, 3, 2),
(20, 20, '05', '2013-04-09 00:00:00', 24, 3, 1),
(40, 8, '02', '2013-07-26 00:00:00', 10, 6, 1),
(38, 6, '00', '2013-07-26 00:00:00', 10, 6, 1),
(37, 5, '01', '2013-07-26 00:00:00', 10, 5, 1),
(39, 7, '01', '2013-07-26 00:00:00', 10, 6, 1),
(35, 3, '02', '2013-07-26 00:00:00', 10, 4, 1),
(8, 16, '04', '2013-06-20 09:16:21', 2, 3, 2),
(16, 24, '08', '2013-06-20 09:16:21', 2, 3, 2),
(21, 21, '05', '2013-06-20 09:16:21', 2, 2, 2),
(22, 22, '06', '2013-06-20 09:16:21', 2, 2, 2),
(34, 2, '01', '2013-07-26 00:00:00', 10, 4, 1),
(33, 1, '00', '2013-07-26 00:00:00', 10, 4, 1),
(25, 1, '01', '2013-06-20 09:16:21', 8, 1, 2),
(36, 4, '04', '2013-07-26 00:00:00', 10, 4, 1),
(28, 4, '03', '2013-06-20 09:16:21', 8, 1, 2),
(29, 5, '04', '2013-06-20 09:16:21', 8, 1, 2),
(30, 6, '05', '2013-06-20 09:16:21', 8, 1, 2),
(31, 7, '06', '2013-06-20 09:16:21', 8, 1, 2),
(32, 8, '07', '2013-06-20 09:16:21', 8, 1, 2),
(54, 22, '02', '2013-07-26 00:00:00', 16, 10, 1),
(53, 21, '02', '2013-07-26 00:00:00', 16, 10, 1),
(52, 20, '01', '2013-07-26 00:00:00', 16, 10, 1),
(51, 19, '01', '2013-07-26 00:00:00', 16, 10, 1),
(50, 18, '01', '2013-07-26 00:00:00', 16, 10, 1),
(49, 17, '02', '2013-07-26 00:00:00', 12, 9, 1),
(48, 16, '02', '2013-07-26 00:00:00', 12, 9, 1),
(47, 15, '01', '2013-07-26 00:00:00', 12, 9, 1),
(46, 14, '01', '2013-07-26 00:00:00', 12, 9, 1),
(45, 13, '00', '2013-07-26 00:00:00', 12, 9, 1),
(44, 12, '01', '2013-07-26 00:00:00', 8, 8, 1),
(43, 11, '01', '2013-07-26 00:00:00', 12, 7, 1),
(42, 10, '04', '2013-07-26 00:00:00', 10, 6, 1),
(41, 9, '03', '2013-07-26 00:00:00', 10, 6, 1),
(27, 3, '02', '2013-06-20 09:16:21', 8, 1, 2),
(55, 23, '03', '2013-07-26 00:00:00', 16, 10, 1),
(56, 24, '03', '2013-07-26 00:00:00', 16, 10, 1);

-- --------------------------------------------------------

--
-- Structure de la table `content_arm`
--

CREATE TABLE IF NOT EXISTS `content_arm` (
  `Id` int(8) NOT NULL AUTO_INCREMENT,
  `Creation_Date` datetime NOT NULL DEFAULT '1971-01-01 00:00:00',
  `Epc` varchar(255) NOT NULL,
  `State` int(3) NOT NULL,
  `RFID_Reader` int(60) NOT NULL,
  PRIMARY KEY (`Id`)
) ENGINE=MyISAM  DEFAULT CHARSET=latin1 AUTO_INCREMENT=10053 ;

--
-- Contenu de la table `content_arm`
--

INSERT INTO `content_arm` (`Id`, `Creation_Date`, `Epc`, `State`, `RFID_Reader`) VALUES
(10052, '2013-06-14 12:00:58', '3035307B2831B380E035B68F', 100, 1),
(10051, '2013-06-14 12:00:58', '3035307B2831B380E035C0C0', 100, 1),
(10050, '2013-06-14 12:00:58', '3035307B2831B380E0241F39', 100, 1),
(10049, '2013-06-14 12:00:58', '3035307B2831B380E035B6D0', 100, 1),
(10048, '2013-06-14 12:00:58', '3035307B2831B380E0242CB8', 100, 1),
(10047, '2013-06-14 12:00:58', '3035307B2831B380E035B64B', 100, 1),
(10046, '2013-06-14 12:00:58', '3035307B2831B380E035DBF3', 100, 1),
(10045, '2013-06-14 12:00:58', '3035307B2831B380E035B65F', 100, 1),
(10044, '2013-06-14 12:00:58', '3035307B2831B380E0360AF3', 100, 1),
(10043, '2013-06-14 12:00:58', '3035307B2831B380E0241F1D', 100, 1),
(10042, '2013-06-14 12:00:58', '3035307B2831B380E035B6D8', 100, 1),
(10041, '2013-06-14 12:00:58', '3035307B2831B380E035C107', 1, 1),
(10040, '2013-06-14 12:00:58', '3035307B2831B380E035B68D', 100, 1),
(10039, '2013-06-14 12:00:58', '3035307B2831B380E035C0C8', 100, 1),
(10038, '2013-06-14 12:00:58', '3035307B2831B380E035DC0F', 100, 1),
(10037, '2013-06-14 12:00:58', '3035307B2831B380E035B663', 100, 1),
(10036, '2013-06-14 12:00:58', '3035307B2831B380E0360AB1', 1, 1),
(10035, '2013-06-14 12:00:58', '3035307B2831B380E035C0FE', 100, 1),
(10034, '2013-06-14 12:00:58', '3035307B2831B380E035B69E', 100, 1),
(10033, '2013-06-14 12:00:58', '3035307B2831B380E035B6CD', 100, 1),
(10032, '2013-06-14 12:00:58', '3035307B2831B380E035B6D4', 100, 1),
(10031, '2013-06-14 12:00:58', '3035307B2831B380E035C0E9', 100, 1),
(10030, '2013-06-14 12:00:58', '3035307B2831B380E035B69B', 100, 1);

-- --------------------------------------------------------

--
-- Structure de la table `corresp_lang`
--

CREATE TABLE IF NOT EXISTS `corresp_lang` (
  `Id` int(11) NOT NULL AUTO_INCREMENT,
  `cultureName` varchar(255) NOT NULL,
  `Language` varchar(255) NOT NULL,
  PRIMARY KEY (`Id`)
) ENGINE=MyISAM  DEFAULT CHARSET=latin1 AUTO_INCREMENT=274 ;

--
-- Contenu de la table `corresp_lang`
--

INSERT INTO `corresp_lang` (`Id`, `cultureName`, `Language`) VALUES
(1, 'af', 'Afrikaans'),
(2, 'af-ZA', 'Afrikaans (South Africa)'),
(3, 'sq', 'Albanian'),
(4, 'sq-AL', 'Albanian (Albania)'),
(5, 'gsw-FR', 'Alsatian (France)'),
(6, 'am-ET', 'Amharic (Ethiopia)'),
(7, 'ar', 'Arabic'),
(8, 'ar-DZ', 'Arabic (Algeria)'),
(9, 'ar-BH', 'Arabic (Bahrain)'),
(10, 'ar-EG', 'Arabic (Egypt)'),
(11, 'ar-IQ', 'Arabic (Iraq)'),
(12, 'ar-JO', 'Arabic (Jordan)'),
(13, 'ar-KW', 'Arabic (Kuwait)'),
(14, 'ar-LB', 'Arabic (Lebanon)'),
(15, 'ar-LY', 'Arabic (Libya)'),
(16, 'ar-MA', 'Arabic (Morocco)'),
(17, 'ar-OM', 'Arabic (Oman)'),
(18, 'ar-QA', 'Arabic (Qatar)'),
(19, 'ar-SA', 'Arabic (Saudi Arabia)'),
(20, 'ar-SY', 'Arabic (Syria)'),
(21, 'ar-TN', 'Arabic (Tunisia)'),
(22, 'ar-AE', 'Arabic (U.A.E.)'),
(23, 'ar-YE', 'Arabic (Yemen)'),
(24, 'hy', 'Armenian'),
(25, 'hy-AM', 'Armenian (Armenia)'),
(26, 'as-IN', 'Assamese (India)'),
(27, 'az', 'Azeri'),
(28, 'az-Cyrl-AZ', 'Azeri (Cyrillic, Azerbaijan)'),
(29, 'az-Latn-AZ', 'Azeri (Latin, Azerbaijan)'),
(30, 'ba-RU', 'Bashkir (Russia)'),
(31, 'eu', 'Basque'),
(32, 'eu-ES', 'Basque (Basque)'),
(33, 'be', 'Belarusian'),
(34, 'be-BY', 'Belarusian (Belarus)'),
(35, 'bn-BD', 'Bengali (Bangladesh)'),
(36, 'bn-IN', 'Bengali (India)'),
(37, 'bs-Cyrl-BA', 'Bosnian (Cyrillic, Bosnia and Herzegovina)'),
(38, 'bs-Latn-BA', 'Bosnian (Latin, Bosnia and Herzegovina)'),
(39, 'br-FR', 'Breton (France)'),
(40, 'bg', 'Bulgarian'),
(41, 'bg-BG', 'Bulgarian (Bulgaria)'),
(42, 'ca', 'Catalan'),
(43, 'ca-ES', 'Catalan (Catalan)'),
(44, 'zh-HK', 'Chinese (Hong Kong S.A.R.)'),
(45, 'zh-MO', 'Chinese (Macao S.A.R.)'),
(46, 'zh-CN', 'Chinese (People''s Republic of China)'),
(47, 'zh-Hans', 'Chinese (Simplified)'),
(48, 'zh-SG', 'Chinese (Singapore)'),
(49, 'zh-TW', 'Chinese (Taiwan)'),
(50, 'zh-Hant', 'Chinese (Traditional)'),
(51, 'co-FR', 'Corsican (France)'),
(52, 'hr', 'Croatian'),
(53, 'hr-HR', 'Croatian (Croatia)'),
(54, 'hr-BA', 'Croatian (Latin, Bosnia and Herzegovina)'),
(55, 'cs', 'Czech'),
(56, 'cs-CZ', 'Czech (Czech Republic)'),
(57, 'da', 'Danish'),
(58, 'da-DK', 'Danish (Denmark)'),
(59, 'prs-AF', 'Dari (Afghanistan)'),
(60, 'div', 'Divehi'),
(61, 'div-MV', 'Divehi (Maldives)'),
(62, 'nl', 'Dutch'),
(63, 'nl-BE', 'Dutch (Belgium)'),
(64, 'nl-NL', 'Dutch (Netherlands)'),
(65, 'en', 'English'),
(66, 'en-AU', 'English (Australia)'),
(67, 'en-BZ', 'English (Belize)'),
(68, 'en-CA', 'English (Canada)'),
(69, 'en-029', 'English (Caribbean)'),
(70, 'en-IN', 'English (India)'),
(71, 'en-IE', 'English (Ireland)'),
(72, 'en-JM', 'English (Jamaica)'),
(73, 'en-MY', 'English (Malaysia)'),
(74, 'en-NZ', 'English (New Zealand)'),
(75, 'en-PH', 'English (Republic of the Philippines)'),
(76, 'en-SG', 'English (Singapore)'),
(77, 'en-ZA', 'English (South Africa)'),
(78, 'en-TT', 'English (Trinidad and Tobago)'),
(79, 'en-GB', 'English (United Kingdom)'),
(80, 'en-US', 'English (United States)'),
(81, 'en-ZW', 'English (Zimbabwe)'),
(82, 'et', 'Estonian'),
(83, 'et-EE', 'Estonian (Estonia)'),
(84, 'fo', 'Faroese'),
(85, 'fo-FO', 'Faroese (Faroe Islands)'),
(86, 'fil-PH', 'Filipino (Philippines)'),
(87, 'fi', 'Finnish'),
(88, 'fi-FI', 'Finnish (Finland)'),
(89, 'fr', 'French'),
(90, 'fr-BE', 'French (Belgium)'),
(91, 'fr-CA', 'French (Canada)'),
(92, 'fr-FR', 'French (France)'),
(93, 'fr-LU', 'French (Luxembourg)'),
(94, 'fr-MC', 'French (Principality of Monaco)'),
(95, 'fr-CH', 'French (Switzerland)'),
(96, 'fy-NL', 'Frisian (Netherlands)'),
(97, 'gl', 'Galician'),
(98, 'gl-ES', 'Galician (Galician)'),
(99, 'ka', 'Georgian'),
(100, 'ka-GE', 'Georgian (Georgia)'),
(101, 'de', 'German'),
(102, 'de-AT', 'German (Austria)'),
(103, 'de-DE', 'German (Germany)'),
(104, 'de-LI', 'German (Liechtenstein)'),
(105, 'de-LU', 'German (Luxembourg)'),
(106, 'de-CH', 'German (Switzerland)'),
(107, 'el', 'Greek'),
(108, 'el-GR', 'Greek (Greece)'),
(109, 'kl-GL', 'Greenlandic (Greenland)'),
(110, 'gu', 'Gujarati'),
(111, 'gu-IN', 'Gujarati (India)'),
(112, 'ha-Latn-NG', 'Hausa (Latin, Nigeria)'),
(113, 'he', 'Hebrew'),
(114, 'he-IL', 'Hebrew (Israel)'),
(115, 'hi', 'Hindi'),
(116, 'hi-IN', 'Hindi (India)'),
(117, 'hu', 'Hungarian'),
(118, 'hu-HU', 'Hungarian (Hungary)'),
(119, 'is', 'Icelandic'),
(120, 'is-IS', 'Icelandic (Iceland)'),
(121, 'ig-NG', 'Igbo (Nigeria)'),
(122, 'id', 'Indonesian'),
(123, 'id-ID', 'Indonesian (Indonesia)'),
(124, 'iu-Latn-CA', 'Inuktitut (Latin, Canada)'),
(125, 'iu-Cans-CA', 'Inuktitut (Syllabics, Canada)'),
(126, 'ga-IE', 'Irish (Ireland)'),
(127, 'xh-ZA', 'isiXhosa (South Africa)'),
(128, 'zu-ZA', 'isiZulu (South Africa)'),
(129, 'it', 'Italian'),
(130, 'it-IT', 'Italian (Italy)'),
(131, 'it-CH', 'Italian (Switzerland)'),
(132, 'ja', 'Japanese'),
(133, 'ja-JP', 'Japanese (Japan)'),
(134, 'kn', 'Kannada'),
(135, 'kn-IN', 'Kannada (India)'),
(136, 'kk', 'Kazakh'),
(137, 'kk-KZ', 'Kazakh (Kazakhstan)'),
(138, 'km-KH', 'Khmer (Cambodia)'),
(139, 'qut-GT', 'K''iche (Guatemala)'),
(140, 'rw-RW', 'Kinyarwanda (Rwanda)'),
(141, 'sw', 'Kiswahili'),
(142, 'sw-KE', 'Kiswahili (Kenya)'),
(143, 'kok', 'Konkani'),
(144, 'kok-IN', 'Konkani (India)'),
(145, 'ko', 'Korean'),
(146, 'ko-KR', 'Korean (Korea)'),
(147, 'ky', 'Kyrgyz'),
(148, 'ky-KG', 'Kyrgyz (Kyrgyzstan)'),
(149, 'lo-LA', 'Lao (Lao P.D.R.)'),
(150, 'lv', 'Latvian'),
(151, 'lv-LV', 'Latvian (Latvia)'),
(152, 'lt', 'Lithuanian'),
(153, 'lt-LT', 'Lithuanian (Lithuania)'),
(154, 'wee-DE', 'Lower Sorbian (Germany)'),
(155, 'lb-LU', 'Luxembourgish (Luxembourg)'),
(156, 'mk', 'Macedonian'),
(157, 'mk-MK', 'Macedonian (Former Yugoslav Republic of Macedonia)'),
(158, 'ms', 'Malay'),
(159, 'ms-BN', 'Malay (Brunei Darussalam)'),
(160, 'ms-MY', 'Malay (Malaysia)'),
(161, 'ml-IN', 'Malayalam (India)'),
(162, 'mt-MT', 'Maltese (Malta)'),
(163, 'mi-NZ', 'Maori (New Zealand)'),
(164, 'arn-CL', 'Mapudungun (Chile)'),
(165, 'mr', 'Marathi'),
(166, 'mr-IN', 'Marathi (India)'),
(167, 'moh-CA', 'Mohawk (Mohawk)'),
(168, 'mn', 'Mongolian'),
(169, 'mn-MN', 'Mongolian (Cyrillic, Mongolia)'),
(170, 'mn-Mong-CN', 'Mongolian (Traditional Mongolian, PRC)'),
(171, 'ne-NP', 'Nepali (Nepal)'),
(172, 'no', 'Norwegian'),
(173, 'nb-NO', 'Norwegian, Bokm?l (Norway)'),
(174, 'nn-NO', 'Norwegian, Nynorsk (Norway)'),
(175, 'oc-FR', 'Occitan (France)'),
(176, 'or-IN', 'Oriya (India)'),
(177, 'ps-AF', 'Pashto (Afghanistan)'),
(178, 'fa', 'Persian'),
(179, 'fa-IR', 'Persian'),
(180, 'pl', 'Polish'),
(181, 'pl-PL', 'Polish (Poland)'),
(182, 'pt', 'Portuguese'),
(183, 'pt-BR', 'Portuguese (Brazil)'),
(184, 'pt-PT', 'Portuguese (Portugal)'),
(185, 'pa', 'Punjabi'),
(186, 'pa-IN', 'Punjabi (India)'),
(187, 'quz-BO', 'Quechua (Bolivia)'),
(188, 'quz-EC', 'Quechua (Ecuador)'),
(189, 'quz-PE', 'Quechua (Peru)'),
(190, 'ro', 'Romanian'),
(191, 'ro-RO', 'Romanian (Romania)'),
(192, 'rm-CH', 'Romansh (Switzerland)'),
(193, 'ru', 'Russian'),
(194, 'ru-RU', 'Russian (Russia)'),
(195, 'smn-FI', 'Sami, Inari (Finland)'),
(196, 'smj-NO', 'Sami, Lule (Norway)'),
(197, 'smj-SE', 'Sami, Lule (Sweden)'),
(198, 'se-FI', 'Sami, Northern (Finland)'),
(199, 'se-NO', 'Sami, Northern (Norway)'),
(200, 'se-SE', 'Sami, Northern (Sweden)'),
(201, 'sms-FI', 'Sami, Skolt (Finland)'),
(202, 'sma-NO', 'Sami, Southern (Norway)'),
(203, 'sma-SE', 'Sami, Southern (Sweden)'),
(204, 'sa', 'Sanskrit'),
(205, 'sa-IN', 'Sanskrit (India)'),
(206, 'sr', 'Serbian'),
(207, 'sr-Cyrl-BA', 'Serbian (Cyrillic, Bosnia and Herzegovina)'),
(208, 'sr-Cyrl-SP', 'Serbian (Cyrillic, Serbia)'),
(209, 'sr-Latn-BA', 'Serbian (Latin, Bosnia and Herzegovina)'),
(210, 'sr-Latn-SP', 'Serbian (Latin, Serbia)'),
(211, 'nso-ZA', 'Sesotho sa Leboa (South Africa)'),
(212, 'tn-ZA', 'Setswana (South Africa)'),
(213, 'si-LK', 'Sinhala (Sri Lanka)'),
(214, 'sk', 'Slovak'),
(215, 'sk-SK', 'Slovak (Slovakia)'),
(216, 'sl', 'Slovenian'),
(217, 'sl-SI', 'Slovenian (Slovenia)'),
(218, 'es', 'Spanish'),
(219, 'es-AR', 'Spanish (Argentina)'),
(220, 'es-BO', 'Spanish (Bolivia)'),
(221, 'es-CL', 'Spanish (Chile)'),
(222, 'es-CO', 'Spanish (Colombia)'),
(223, 'es-CR', 'Spanish (Costa Rica)'),
(224, 'es-DO', 'Spanish (Dominican Republic)'),
(225, 'es-EC', 'Spanish (Ecuador)'),
(226, 'es-SV', 'Spanish (El Salvador)'),
(227, 'es-GT', 'Spanish (Guatemala)'),
(228, 'es-HN', 'Spanish (Honduras)'),
(229, 'es-MX', 'Spanish (Mexico)'),
(230, 'es-NI', 'Spanish (Nicaragua)'),
(231, 'es-PA', 'Spanish (Panama)'),
(232, 'es-PY', 'Spanish (Paraguay)'),
(233, 'es-PE', 'Spanish (Peru)'),
(234, 'es-PR', 'Spanish (Puerto Rico)'),
(235, 'es-ES', 'Spanish (Spain)'),
(236, 'es-US', 'Spanish (United States)'),
(237, 'es-UY', 'Spanish (Uruguay)'),
(238, 'es-VE', 'Spanish (Venezuela)'),
(239, 'sv', 'Swedish'),
(240, 'sv-FI', 'Swedish (Finland)'),
(241, 'sv-SE', 'Swedish (Sweden)'),
(242, 'syr', 'Syriac'),
(243, 'syr-SY', 'Syriac (Syria)'),
(244, 'tg-Cyrl-TJ', 'Tajik (Cyrillic, Tajikistan)'),
(245, 'tzm-Latn-DZ', 'Tamazight (Latin, Algeria)'),
(246, 'ta', 'Tamil'),
(247, 'ta-IN', 'Tamil (India)'),
(248, 'tt', 'Tatar'),
(249, 'tt-RU', 'Tatar (Russia)'),
(250, 'te', 'Telugu'),
(251, 'te-IN', 'Telugu (India)'),
(252, 'th', 'Thai'),
(253, 'th-TH', 'Thai (Thailand)'),
(254, 'bo-CN', 'Tibetan (PRC)'),
(255, 'tr', 'Turkish'),
(256, 'tr-TR', 'Turkish (Turkey)'),
(257, 'tk-TM', 'Turkmen (Turkmenistan)'),
(258, 'ug-CN', 'Uighur (PRC)'),
(259, 'uk', 'Ukrainian'),
(260, 'uk-UA', 'Ukrainian (Ukraine)'),
(261, 'wen-DE', 'Upper Sorbian (Germany)'),
(262, 'ur', 'Urdu'),
(263, 'ur-PK', 'Urdu (Islamic Republic of Pakistan)'),
(264, 'uz', 'Uzbek'),
(265, 'uz-Cyrl-UZ', 'Uzbek (Cyrillic, Uzbekistan)'),
(266, 'uz-Latn-UZ', 'Uzbek (Latin, Uzbekistan)'),
(267, 'vi', 'Vietnamese'),
(268, 'vi-VN', 'Vietnamese (Vietnam)'),
(269, 'cy-GB', 'Welsh (United Kingdom)'),
(270, 'wo-SN', 'Wolof (Senegal)'),
(271, 'sah-RU', 'Yakut (Russia)'),
(272, 'ii-CN', 'Yi (PRC)'),
(273, 'yo-NG', 'Yoruba (Nigeria)');

-- --------------------------------------------------------

--
-- Structure de la table `corresp_taille`
--

CREATE TABLE IF NOT EXISTS `corresp_taille` (
  `Type-Taille` char(1) NOT NULL,
  `Taille` varchar(255) NOT NULL,
  `Classement_tailles` int(11) NOT NULL,
  PRIMARY KEY (`Type-Taille`,`Taille`)
) ENGINE=MyISAM DEFAULT CHARSET=latin1;

--
-- Contenu de la table `corresp_taille`
--

INSERT INTO `corresp_taille` (`Type-Taille`, `Taille`, `Classement_tailles`) VALUES
('1', 'S0', 1),
('1', 'TS', 2),
('1', '00', 3),
('1', '01', 4),
('1', '02', 5),
('1', '03', 6),
('1', '04', 7),
('1', '05', 8),
('1', '06', 9),
('1', '07', 10),
('1', '08', 11),
('1', '09', 12),
('1', '10', 13),
('1', '12', 14);

-- --------------------------------------------------------

--
-- Structure de la table `epc`
--

CREATE TABLE IF NOT EXISTS `epc` (
  `Id` int(8) NOT NULL,
  `Date_Creation` datetime NOT NULL,
  `Date_Modification` datetime NOT NULL,
  `Tag` varchar(255) NOT NULL,
  `Code_Barre` varchar(255) NOT NULL,
  `Taille` varchar(255) NOT NULL,
  `Type_Taille` char(1) NOT NULL,
  `Cycle_Lavage_Count` int(8) NOT NULL,
  `State` int(8) NOT NULL,
  `Last_User` varchar(255) NOT NULL,
  `Last_Reader` varchar(255) NOT NULL,
  `Last_Action` varchar(255) NOT NULL,
  `Last_Action_Date` datetime NOT NULL,
  `Movement` int(8) NOT NULL,
  `Article_Type_ID` int(8) NOT NULL,
  `Case_ID` int(8) NOT NULL,
  `Armoire_ID` int(8) NOT NULL,
  `Actif` int(8) NOT NULL DEFAULT '1' COMMENT 'Permet la suppression de l''usage d''un vêtement',
  PRIMARY KEY (`Id`)
) ENGINE=MyISAM DEFAULT CHARSET=latin1;

--
-- Contenu de la table `epc`
--

INSERT INTO `epc` (`Id`, `Date_Creation`, `Date_Modification`, `Tag`, `Code_Barre`, `Taille`, `Type_Taille`, `Cycle_Lavage_Count`, `State`, `Last_User`, `Last_Reader`, `Last_Action`, `Last_Action_Date`, `Movement`, `Article_Type_ID`, `Case_ID`, `Armoire_ID`, `Actif`) VALUES
(1, '2013-05-30 16:27:44', '2013-06-12 16:32:58', '3035307B2831B380E035C104', '4111232311', '00', '1', 0, 1, '1', '1', '0', '2013-06-12 16:32:58', 0, 2, 0, 1, 1),
(2, '2013-05-30 16:27:44', '2013-06-12 16:32:58', '3035307B2831B380E035B678', '4109518123', '01', '1', 0, 1, '1', '1', '0', '2013-06-12 16:32:58', 0, 2, 0, 1, 1),
(3, '2013-05-30 16:27:44', '2013-06-12 16:32:58', '3035307B2831B380E035C0C3', '4105723079', '00', '1', 0, 1, '1', '1', '0', '2013-06-12 16:32:58', 0, 1, 0, 1, 1),
(4, '2013-05-30 16:27:44', '2013-06-12 16:32:58', '3035307B2831B380E035DBFD', '4108147657', '02', '1', 0, 1, '1', '1', '0', '2013-06-12 16:32:58', 0, 2, 0, 1, 1),
(5, '2013-05-30 16:27:44', '2013-06-12 16:32:58', '3035307B2831B380E035B6CE', '4111231975', '00', '1', 0, 1, '1', '1', '0', '2013-06-12 16:32:58', 0, 2, 0, 1, 1),
(6, '2013-05-30 16:27:44', '2013-06-12 16:32:58', '3035307B2831B380E035DC08', '4110125913', '01', '1', 0, 1, '1', '1', '0', '2013-06-12 16:32:58', 0, 1, 0, 1, 1),
(7, '2013-05-30 16:27:44', '2013-06-12 16:32:58', '3035307B2831B380E035B640', '4111232479', '00', '1', 0, 1, '1', '1', '0', '2013-06-12 16:32:58', 0, 2, 0, 1, 1),
(8, '2013-05-30 16:27:44', '2013-06-12 16:32:58', '3035307B2831B380E0241EEC', '4110008758', '05', '1', 0, 1, '1', '1', '0', '2013-06-12 16:32:58', 0, 3, 0, 1, 1),
(9, '2013-05-30 16:27:44', '2013-06-12 16:32:58', '3035307B2831B380E035B66B', '4110128266', '01', '1', 0, 1, '1', '1', '0', '2013-06-12 16:32:58', 0, 1, 0, 1, 1),
(10, '2013-05-30 16:27:44', '2013-06-12 16:32:58', '3035307B2831B380E035B661', '4110006406', '05', '1', 0, 1, '1', '1', '0', '2013-06-12 16:32:58', 0, 3, 0, 1, 1),
(11, '2013-05-30 16:27:44', '2013-06-12 16:32:58', '3035307B2831B380E035C0C2', '4100915535', '04', '1', 0, 1, '1', '1', '0', '2013-06-12 16:32:58', 0, 2, 0, 1, 1),
(12, '2013-05-30 16:27:44', '2013-06-13 16:56:33', '3035307B2831B380E035C0FE', '4110006742', '05', '1', 10, 100, '1', '1', '0', '2013-06-13 16:56:33', 10, 3, 0, 1, 1),
(13, '2013-05-30 16:27:44', '2013-06-12 16:32:58', '3035307B2831B380E035B64E', '4110126585', '01', '1', 0, 1, '1', '1', '0', '2013-06-12 16:32:58', 0, 1, 0, 1, 1),
(14, '2013-05-30 16:27:44', '2013-06-12 16:32:58', '3035307B2831B380E035B698', '3034990800', '01', '1', 0, 1, '1', '1', '0', '2013-06-12 16:32:58', 0, 2, 0, 1, 1),
(15, '2013-05-30 16:27:44', '2013-06-12 16:32:58', '3035307B2831B380E035B649', '4111253792', '00', '1', 0, 1, '1', '1', '0', '2013-06-12 16:32:58', 0, 2, 0, 1, 1),
(16, '2013-05-30 16:27:44', '2013-06-12 16:32:58', '3035307B2831B380E035B664', '4111253624', '00', '1', 0, 1, '1', '1', '0', '2013-06-12 16:32:58', 0, 2, 0, 1, 1),
(17, '2013-05-30 16:27:44', '2013-06-12 16:32:58', '3035307B2831B380E035C0D5', '3034990796', '01', '1', 0, 1, '1', '1', '0', '2013-06-12 16:32:58', 0, 2, 0, 1, 1),
(18, '2013-05-30 16:27:44', '2013-06-12 16:32:58', '3035307B2831B380E035B651', '3033028450', '04', '1', 0, 1, '1', '1', '0', '2013-06-12 16:32:58', 0, 1, 0, 1, 1),
(19, '2013-05-30 16:27:44', '2013-06-12 16:32:58', '3035307B2831B380E035B693', '4111265076', '05', '1', 0, 1, '1', '9', '0', '2013-06-12 16:32:58', 0, 3, 0, 1, 1),
(20, '2013-05-30 16:27:44', '2013-06-12 16:32:58', '3035307B2831B380E035B6E3', '4103435846', '01', '1', 0, 1, '1', '1', '0', '2013-06-12 16:32:58', 0, 2, 0, 1, 1),
(21, '2013-05-30 16:27:44', '2013-06-12 16:32:58', '3035307B2831B380E035B67F', '4111265244', '05', '1', 0, 1, '1', '1', '0', '2013-06-12 16:32:58', 0, 3, 0, 1, 1),
(22, '2013-05-30 16:27:44', '2013-06-12 16:32:58', '3035307B2831B380E035B690', '4103435762', '01', '1', 0, 1, '1', '1', '0', '2013-06-12 16:32:58', 0, 2, 0, 1, 1),
(23, '2013-05-30 16:27:44', '2013-06-12 16:33:20', '3035307B2831B380E035B6D0', '3035332705', '03', '1', 0, 100, '1', '1', '0', '2013-06-12 16:33:20', 0, 1, 0, 1, 1),
(24, '2013-05-30 16:27:44', '2013-06-12 16:32:58', '3035307B2831B380E035DBED', '4110007412', '05', '1', 0, 1, '1', '1', '0', '2013-06-12 16:32:58', 0, 3, 0, 1, 1),
(25, '2013-05-30 16:27:44', '2013-06-12 16:32:58', '3035307B2831B380E035C0CE', '3034990794', '01', '1', 0, 1, '1', '0', '0', '2013-06-12 16:32:58', 0, 2, 0, 1, 1),
(26, '2013-05-30 16:27:44', '2013-06-12 16:32:58', '3035307B2831B380E035B66D', '4106702460', '04', '1', 0, 1, '1', '1', '0', '2013-06-12 16:32:58', 0, 1, 0, 1, 1),
(27, '2013-05-30 16:27:44', '2013-06-12 16:32:58', '3035307B2831B380E035DC04', '4107784458', '01', '1', 1, 1, '1', '1', '0', '2013-06-12 16:32:58', 1, 2, 0, 1, 1),
(28, '2013-05-30 16:27:44', '2013-06-12 16:32:58', '3035307B2831B380E035B6D5', '4110006070', '05', '1', 2, 1, '1', '9', '0', '2013-06-12 16:32:58', 2, 3, 0, 1, 1),
(29, '2013-05-30 16:27:44', '2013-06-12 16:32:58', '3035307B2831B380E0241F1F', '4110007076', '05', '1', 0, 1, '1', '1', '0', '2013-06-12 16:32:58', 0, 3, 0, 1, 1),
(30, '2013-05-30 16:27:44', '2013-06-12 16:32:58', '3035307B2831B380E035C0D3', '4100798039', '03', '1', 1, 1, '1', '1', '0', '2013-06-12 16:32:58', 1, 1, 0, 1, 1),
(31, '2013-05-30 16:27:44', '2013-06-12 16:32:58', '3035307B2831B380E035B687', '4100912932', '04', '1', 0, 1, '1', '1', '0', '2013-06-12 16:32:58', 0, 2, 0, 1, 1),
(32, '2013-05-30 16:27:44', '2013-06-12 16:32:58', '3035307B2831B380E035C101', '4110730059', '00', '1', 0, 1, '1', '1', '0', '2013-06-12 16:32:58', 0, 1, 0, 1, 1),
(33, '2013-05-30 16:27:44', '2013-06-12 16:32:58', '3035307B2831B380E035B629', '4110006068', '05', '1', 4, 1, '1', '9', '0', '2013-06-12 16:32:58', 4, 3, 0, 1, 1),
(34, '2013-05-30 16:27:44', '2013-06-12 16:32:58', '3035307B2831B380E035C0EA', '4108146310', '00', '1', 0, 1, '1', '1', '0', '2013-06-12 16:32:58', 0, 1, 0, 1, 1),
(35, '2013-05-30 16:27:44', '2013-06-12 16:32:58', '3035307B2831B380E035B67C', '4110128602', '01', '1', 0, 1, '1', '1', '0', '2013-06-12 16:32:58', 0, 1, 0, 1, 1),
(36, '2013-05-30 16:27:44', '2013-06-12 16:32:58', '3035307B2831B380E035B631', '3034874436', '01', '1', 0, 1, '1', '1', '0', '2013-06-12 16:32:58', 0, 2, 0, 1, 1),
(37, '2013-05-30 16:27:44', '2013-06-12 16:32:58', '3035307B2831B380E035C0EE', '4108146985', '02', '1', 0, 1, '1', '1', '0', '2013-06-12 16:32:58', 0, 2, 0, 1, 1),
(38, '2013-05-30 16:27:44', '2013-06-12 16:32:58', '3035307B2831B380E035C0C7', '4100912260', '04', '1', 0, 1, '1', '1', '0', '2013-06-12 16:32:58', 0, 2, 0, 1, 1),
(39, '2013-05-30 16:27:44', '2013-06-12 16:32:58', '3035307B2831B380E0242CCF', '4110006740', '05', '1', 0, 1, '1', '1', '0', '2013-06-12 16:32:58', 0, 3, 0, 1, 1),
(40, '2013-05-30 16:27:44', '2013-06-12 16:32:58', '3035307B2831B380E0242CF8', '4105317508', '03', '1', 0, 1, '1', '1', '0', '2013-06-12 16:32:58', 0, 1, 0, 1, 1),
(41, '2013-05-30 16:27:44', '2013-06-12 16:32:58', '3035307B2831B380E0243540', '4100914863', '04', '1', 0, 1, '1', '0', '0', '2013-06-12 16:32:58', 0, 2, 0, 1, 1),
(42, '2013-05-30 16:27:44', '2013-06-12 16:32:58', '3035307B2831B380E035C0C4', '4110008084', '05', '1', 0, 1, '1', '1', '0', '2013-06-12 16:32:58', 0, 3, 0, 1, 1),
(43, '2013-05-30 16:27:44', '2013-06-12 16:32:58', '3035307B2831B380E035C0DB', '4111265580', '05', '1', 0, 1, '1', '1', '0', '2013-06-12 16:32:58', 0, 3, 0, 1, 1),
(44, '2013-05-30 16:27:44', '2013-06-12 16:32:58', '3035307B2831B380E035B682', '4107373840', '03', '1', 0, 1, '1', '1', '0', '2013-06-12 16:32:58', 0, 1, 0, 1, 1),
(45, '2013-05-30 16:27:44', '2013-06-12 16:32:58', '3035307B2831B380E0242CEF', '3031070172', '02', '1', 0, 1, '1', '1', '0', '2013-06-12 16:32:58', 0, 1, 0, 1, 1),
(46, '2013-05-30 16:27:44', '2013-06-12 16:32:58', '3035307B2831B380E035B6CA', '4110127930', '01', '1', 0, 1, '1', '1', '0', '2013-06-12 16:32:58', 0, 1, 0, 1, 1),
(47, '2013-05-30 16:27:44', '2013-06-12 16:32:58', '3035307B2831B380E035B6B4', '3035409248', '03', '1', 0, 1, '1', '1', '0', '2013-06-12 16:32:58', 0, 1, 0, 1, 1),
(48, '2013-05-30 16:27:44', '2013-06-12 16:32:58', '3035307B2831B380E035B6B0', '4110008086', '05', '1', 0, 1, '1', '9', '0', '2013-06-12 16:32:58', 0, 3, 0, 1, 1),
(49, '2013-05-30 16:27:44', '2013-06-12 16:32:58', '3035307B2831B380E0241EF1', '4111232143', '00', '1', 0, 1, '1', '1', '0', '2013-06-12 16:32:58', 0, 2, 0, 1, 1),
(50, '2013-05-30 16:27:44', '2013-06-12 16:32:58', '3035307B2831B380E035B6B7', '4110127257', '01', '1', 0, 1, '1', '1', '0', '2013-06-12 16:32:58', 0, 1, 0, 1, 1),
(51, '2013-05-30 16:27:44', '2013-06-12 16:32:58', '3035307B2831B380E0242CBC', '4108149001', '02', '1', 0, 1, '1', '1', '0', '2013-06-12 16:32:58', 0, 2, 0, 1, 1),
(52, '2013-05-30 16:27:44', '2013-06-12 16:32:58', '3035307B2831B380E035B69F', '4111199887', '00', '1', 0, 1, '1', '1', '0', '2013-06-12 16:32:58', 0, 2, 0, 1, 1),
(53, '2013-05-30 16:27:44', '2013-06-12 16:32:58', '3035307B2831B380E035DBE8', '4100915367', '04', '1', 0, 1, '1', '1', '0', '2013-06-12 16:32:58', 0, 2, 0, 1, 1),
(54, '2013-05-30 16:27:44', '2013-06-12 16:32:58', '3035307B2831B380E035B6A9', '4100914696', '04', '1', 0, 1, '1', '1', '0', '2013-06-12 16:32:58', 0, 2, 0, 1, 1),
(55, '2013-05-30 16:27:44', '2013-06-12 16:32:58', '3035307B2831B380E035C0FB', '3023318967', '02', '1', 0, 1, '1', '1', '0', '2013-06-12 16:32:58', 0, 1, 0, 1, 1),
(56, '2013-05-30 16:27:44', '2013-06-12 16:32:58', '3035307B2831B380E0242CE2', '4100915451', '04', '1', 0, 1, '1', '1', '0', '2013-06-12 16:32:58', 0, 2, 0, 1, 1),
(57, '2013-05-30 16:27:44', '2013-06-12 16:32:58', '3035307B2831B380E035B63F', '4110008422', '05', '1', 0, 1, '1', '1', '0', '2013-06-12 16:32:58', 0, 3, 0, 1, 1),
(58, '2013-05-30 16:27:44', '2013-06-12 16:32:58', '3035307B2831B380E0242CD0', '4103428930', '02', '1', 0, 1, '1', '1', '0', '2013-06-12 16:32:58', 0, 2, 0, 1, 1),
(59, '2013-05-30 16:27:44', '2013-06-12 16:32:58', '3035307B2831B380E035B683', '4103435930', '01', '1', 0, 1, '1', '1', '0', '2013-06-12 16:32:58', 0, 2, 0, 1, 1),
(60, '2013-05-30 16:27:44', '2013-06-13 16:56:33', '3035307B2831B380E035DC0F', '4111264072', '05', '1', 12, 100, '1', '1', '0', '2013-06-13 16:56:33', 12, 3, 0, 1, 1),
(61, '2013-05-30 16:27:44', '2013-06-13 16:56:33', '3035307B2831B380E035C0C0', '4110008420', '05', '1', 7, 100, '1', '1', '0', '2013-06-13 16:56:33', 7, 3, 0, 1, 1),
(62, '2013-05-30 16:27:44', '2013-06-12 16:32:58', '3035307B2831B380E035B6C4', '4110007414', '05', '1', 0, 1, '1', '1', '0', '2013-06-12 16:32:58', 0, 3, 0, 1, 1),
(63, '2013-05-30 16:27:44', '2013-06-12 16:32:58', '3035307B2831B380E035B67D', '4110007748', '05', '1', 0, 1, '1', '1', '0', '2013-06-12 16:32:58', 0, 3, 0, 1, 1),
(64, '2013-05-30 16:27:44', '2013-06-12 16:32:58', '3035307B2831B380E035C109', '4108147321', '02', '1', 0, 1, '1', '1', '0', '2013-06-12 16:32:58', 0, 2, 0, 1, 1),
(65, '2013-05-30 16:27:44', '2013-06-12 16:32:58', '3035307B2831B380E0241F43', '4100913688', '04', '1', 0, 1, '1', '1', '0', '2013-06-12 16:32:58', 0, 2, 0, 1, 1),
(66, '2013-05-30 16:27:44', '2013-06-12 16:32:58', '3035307B2831B380E0242CAE', '4108146649', '02', '1', 0, 1, '1', '1', '0', '2013-06-12 16:32:58', 0, 2, 0, 1, 1),
(67, '2013-05-30 16:27:44', '2013-06-13 15:24:42', '3035307B2831B380E035B6CD', '4110006404', '05', '1', 10, 100, '1', '1', '0', '2013-06-13 15:24:42', 10, 3, 0, 1, 1),
(68, '2013-05-30 16:27:44', '2013-06-12 16:32:58', '3035307B2831B380E035C112', '4108146982', '00', '1', 0, 1, '1', '1', '0', '2013-06-12 16:32:58', 0, 1, 0, 1, 1),
(69, '2013-05-30 16:27:44', '2013-06-12 16:32:58', '3035307B2831B380E035B6E4', '4111264908', '05', '1', 0, 1, '1', '1', '0', '2013-06-12 16:32:58', 0, 3, 0, 1, 1),
(70, '2013-05-30 16:27:44', '2013-06-12 16:32:58', '3035307B2831B380E035B63C', '4110007078', '05', '1', 0, 1, '1', '9', '0', '2013-06-12 16:32:58', 0, 3, 0, 1, 1),
(71, '2013-05-30 16:27:44', '2013-06-12 16:32:58', '3035307B2831B380E035C0E2', '4103435594', '01', '1', 0, 1, '1', '1', '0', '2013-06-12 16:32:58', 0, 2, 0, 1, 1),
(72, '2013-05-30 16:27:44', '2013-06-12 16:32:58', '3035307B2831B380E0242CB5', '4100912344', '04', '1', 0, 1, '1', '0', '0', '2013-06-12 16:32:58', 0, 2, 0, 1, 1),
(73, '2013-05-30 16:27:44', '2013-06-12 16:32:58', '3035307B2831B380E035C0B9', '4111231303', '00', '1', 0, 1, '1', '1', '0', '2013-06-12 16:32:58', 0, 2, 0, 1, 1),
(74, '2013-05-30 16:27:44', '2013-06-12 16:32:58', '3035307B2831B380E035B6A8', '4111231639', '00', '1', 0, 1, '1', '1', '0', '2013-06-12 16:32:58', 0, 2, 0, 1, 1),
(75, '2013-05-30 16:27:44', '2013-06-13 15:24:42', '3035307B2831B380E035B68D', '4111263899', '05', '1', 11, 100, '1', '1', '0', '2013-06-13 15:24:42', 11, 3, 0, 1, 1),
(76, '2013-05-30 16:27:44', '2013-06-12 16:32:58', '3035307B2831B380E0241F0E', '4100914864', '04', '1', 0, 1, '1', '0', '0', '2013-06-12 16:32:58', 0, 2, 0, 1, 1),
(77, '2013-05-30 16:27:44', '2013-06-12 16:32:58', '3035307B2831B380E035C10F', '4110007750', '05', '1', 0, 1, '1', '9', '0', '2013-06-12 16:32:58', 0, 3, 0, 1, 1),
(78, '2013-05-30 16:27:44', '2013-06-14 09:47:49', '3035307B2831B380E035B68F', '4111265748', '05', '1', 12, 100, '1', '1', '0', '2013-06-14 09:47:49', 12, 3, 0, 1, 1),
(79, '2013-05-30 16:27:44', '2013-06-12 16:32:58', '3035307B2831B380E0242CC2', '4111263904', '05', '1', 0, 1, '1', '1', '0', '2013-06-12 16:32:58', 0, 3, 0, 1, 1),
(80, '2013-05-30 16:27:44', '2013-06-12 16:32:58', '3035307B2831B380E035B6BD', '3028626019', '02', '1', 0, 1, '1', '1', '0', '2013-06-12 16:32:58', 0, 2, 0, 1, 1),
(81, '2013-05-30 16:27:44', '2013-06-12 16:32:58', '3035307B2831B380E035C119', '4103429017', '02', '1', 0, 1, '1', '1', '0', '2013-06-12 16:32:58', 0, 2, 0, 1, 1),
(82, '2013-05-30 16:27:44', '2013-06-12 16:32:58', '3035307B2831B380E035B696', '3034748653', '02', '1', 0, 1, '1', '1', '0', '2013-06-12 16:32:58', 0, 1, 0, 1, 1),
(83, '2013-05-30 16:27:44', '2013-06-12 16:32:58', '3035307B2831B380E035B6E1', '4108149673', '02', '1', 0, 1, '1', '1', '0', '2013-06-12 16:32:58', 0, 2, 0, 1, 1),
(84, '2013-05-30 16:27:44', '2013-06-12 16:32:58', '3035307B2831B380E0241EE2', '4111231807', '00', '1', 0, 1, '1', '1', '0', '2013-06-12 16:32:58', 0, 2, 0, 1, 1),
(85, '2013-05-30 16:27:44', '2013-06-12 16:32:58', '3035307B2831B380E035B666', '4100912848', '04', '1', 0, 1, '1', '1', '0', '2013-06-12 16:32:58', 0, 2, 0, 1, 1),
(86, '2013-05-30 16:27:44', '2013-06-13 16:56:33', '3035307B2831B380E035B69B', '4110008426', '05', '1', 5, 100, '1', '1', '0', '2013-06-13 16:56:33', 5, 3, 0, 1, 1),
(87, '2013-05-30 16:27:44', '2013-06-12 16:32:58', '3035307B2831B380E035B6E8', '3023344887', '02', '1', 0, 1, '1', '1', '0', '2013-06-12 16:32:58', 0, 1, 0, 1, 1),
(88, '2013-05-30 16:27:44', '2013-06-14 09:47:49', '3035307B2831B380E035B6D4', '4111264236', '05', '1', 12, 100, '1', '1', '0', '2013-06-14 09:47:49', 12, 3, 0, 1, 1),
(89, '2013-05-30 16:27:44', '2013-06-12 16:32:58', '3035307B2831B380E035C0CD', '4111264572', '05', '1', 4, 1, '1', '1', '0', '2013-06-12 16:32:58', 4, 3, 0, 1, 1),
(90, '2013-05-30 16:27:44', '2013-06-12 16:32:58', '3035307B2831B380E0242CE5', '4110008090', '05', '1', 0, 1, '1', '1', '0', '2013-06-12 16:32:58', 0, 3, 0, 1, 1),
(91, '2013-05-30 16:27:44', '2013-06-12 16:32:58', '3035307B2831B380E0241F08', '4110009428', '05', '1', 0, 1, '1', '0', '0', '2013-06-12 16:32:58', 0, 3, 0, 1, 1),
(92, '2013-05-30 16:27:44', '2013-06-12 16:32:58', '3035307B2831B380E0242CD2', '4110009092', '05', '1', 0, 1, '1', '1', '0', '2013-06-12 16:32:58', 0, 3, 0, 1, 1),
(93, '2013-05-30 16:27:44', '2013-06-12 16:32:58', '3035307B2831B380E035B65B', '4110008756', '05', '1', 0, 1, '1', '1', '0', '2013-06-12 16:32:58', 0, 3, 0, 1, 1),
(94, '2013-05-30 16:27:44', '2013-06-12 16:32:58', '3035307B2831B380E035DBFB', '4110009098', '05', '1', 0, 1, '1', '1', '0', '2013-06-12 16:32:58', 0, 3, 0, 1, 1),
(95, '2013-05-30 16:27:44', '2013-06-12 16:32:58', '3035307B2831B380E0242CC5', '4110008762', '05', '1', 0, 1, '1', '1', '0', '2013-06-12 16:32:58', 0, 3, 0, 1, 1),
(96, '2013-05-30 16:27:44', '2013-06-12 16:32:58', '3035307B2831B380E035B632', '4110009434', '05', '1', 0, 1, '1', '1', '0', '2013-06-12 16:32:58', 0, 3, 0, 1, 1),
(5681, '2013-05-01 00:00:00', '2013-06-17 10:06:54', '3035307B2831B380E035C0E3', '33330001', '01', '1', 57, 10, '7', '9', '0', '2013-06-17 10:06:54', 57, 1, 0, 1, 1),
(5682, '2013-05-01 00:00:00', '2013-06-13 16:56:33', '3035307B2831B380E035DBF3', '33330002', '01', '1', 5, 100, '1', '1', '0', '2013-06-13 16:56:33', 5, 1, 0, 1, 1),
(5683, '2013-05-01 00:00:00', '2013-06-13 17:59:36', '3035307B2831B380E035B663', '33330003', '02', '1', 2, 100, '1', '1', '0', '2013-06-13 17:59:36', 2, 1, 0, 1, 1),
(5684, '2013-05-01 00:00:00', '2013-06-13 17:59:36', '3035307B2831B380E0241F1D', '33330004', '02', '1', 4, 100, '1', '1', '0', '2013-06-13 17:59:36', 4, 1, 0, 1, 1),
(5685, '2013-05-01 00:00:00', '2013-06-12 16:33:20', '3035307B2831B380E0241F39', '33330005', '02', '1', 2, 100, '1', '1', '0', '2013-06-12 16:33:20', 2, 1, 0, 1, 1),
(5686, '2013-05-01 00:00:00', '2013-06-12 16:33:20', '3035307B2831B380E035C0C8', '33330006', '02', '1', 0, 100, '1', '1', '0', '2013-06-12 16:33:20', 0, 1, 0, 1, 1),
(5687, '2013-05-01 00:00:00', '2013-06-12 16:33:20', '3035307B2831B380E035B65F', '33330007', '03', '1', 0, 100, '1', '1', '0', '2013-06-12 16:33:20', 0, 1, 0, 1, 1),
(5688, '2013-05-01 00:00:00', '2013-06-12 16:33:20', '3035307B2831B380E0242CB8', '33330008', '04', '1', 0, 100, '1', '1', '0', '2013-06-12 16:33:20', 0, 1, 0, 1, 1),
(5689, '2013-05-01 00:00:00', '2013-06-12 16:32:58', '3035307B2831B380E035C117', '33330009', '05', '1', 0, 1, '1', '1', '0', '2013-06-12 16:32:58', 0, 1, 0, 1, 1),
(5690, '2013-05-01 00:00:00', '2013-06-12 16:32:58', '3035307B2831B380E035C0BB', '33330010', '06', '1', 0, 1, '1', '1', '0', '2013-06-12 16:32:58', 0, 1, 0, 1, 1),
(5691, '2013-05-01 00:00:00', '2013-06-13 17:59:36', '3035307B2831B380E035C107', '33330012', '01', '1', 7, 100, '1', '1', '0', '2013-06-13 17:59:36', 7, 2, 0, 1, 1),
(5692, '2013-05-01 00:00:00', '2013-06-12 17:51:04', '3035307B2831B380E035C0E9', '33330013', '02', '1', 1, 100, '1', '1', '0', '2013-06-12 17:51:04', 1, 2, 0, 1, 1),
(5693, '2013-05-01 00:00:00', '2013-06-12 16:33:20', '3035307B2831B380E035B6D8', '33330014', '02', '1', 0, 100, '1', '1', '0', '2013-06-12 16:33:20', 0, 2, 0, 1, 1),
(5694, '2013-05-01 00:00:00', '2013-06-12 16:33:20', '3035307B2831B380E035B69E', '33330015', '02', '1', 0, 100, '1', '1', '0', '2013-06-12 16:33:20', 0, 2, 0, 1, 1),
(5695, '2013-05-01 00:00:00', '2013-06-12 16:33:20', '3035307B2831B380E0360AF3', '33330016', '02', '1', 0, 100, '1', '1', '0', '2013-06-12 16:33:20', 0, 2, 0, 1, 1),
(5696, '2013-05-01 00:00:00', '2013-06-12 16:32:58', '3035307B2831B380E035DBB3', '33330017', '03', '1', 0, 1, '1', '1', '0', '2013-06-12 16:32:58', 0, 2, 0, 1, 1),
(5697, '2013-05-01 00:00:00', '2013-06-12 16:33:20', '3035307B2831B380E035B64B', '33330018', '04', '1', 5, 100, '1', '1', '0', '2013-06-12 16:33:20', 5, 2, 0, 1, 1),
(5698, '2013-05-01 00:00:00', '2013-06-12 16:32:58', '3035307B2831B380E035B660', '33330019', '05', '1', 0, 1, '1', '1', '0', '2013-06-12 16:32:58', 0, 2, 0, 1, 1),
(5699, '2013-05-01 00:00:00', '2013-06-12 16:32:58', '3035307B2831B380E035C10D', '33330020', '06', '1', 0, 1, '1', '1', '0', '2013-06-12 16:32:58', 0, 2, 0, 1, 1),
(5700, '2013-05-01 00:00:00', '2013-06-13 17:59:36', '3035307B2831B380E0360AB1', '33330011', '01', '1', 2, 100, '1', '1', '0', '2013-06-13 17:59:36', 2, 2, 0, 1, 1),
(5701, '2013-07-26 16:34:21', '2013-07-29 09:58:32', '3035307B2831B380E035B870', '3032727729', '00', '1', 0, 100, '1', '1', '0', '2013-07-29 09:58:32', 0, 4, 0, 1, 1),
(5702, '2013-07-26 16:34:21', '2013-07-29 09:58:32', '3035307B2831B380E035B864', '4105285902', '01', '1', 0, 100, '1', '1', '0', '2013-07-29 09:58:32', 0, 4, 0, 1, 1),
(5703, '2013-07-26 16:34:21', '2013-07-29 09:58:32', '3035307B2831B380E035B86D', '3026519584', '04', '1', 0, 100, '1', '1', '0', '2013-07-29 09:58:32', 0, 4, 0, 1, 1),
(5704, '2013-07-26 16:34:21', '2013-07-29 09:58:33', '3035307B2831B380E035B85C', '3026543392', '02', '1', 0, 100, '1', '1', '0', '2013-07-29 09:58:33', 0, 4, 0, 1, 1),
(5705, '2013-07-26 16:34:21', '2013-07-29 09:58:32', '3035307B2831B380E05DD08A', '123001', '01', '1', 0, 100, '1', '1', '0', '2013-07-29 09:58:32', 0, 5, 0, 1, 1),
(5706, '2013-07-26 16:34:21', '2013-07-29 09:58:32', '3035307B2831B380E05DDA96', '123002', '01', '1', 0, 100, '1', '1', '0', '2013-07-29 09:58:32', 0, 5, 0, 1, 1),
(5707, '2013-07-26 16:34:21', '2013-07-29 09:58:33', '3035307B2831B380E05DDA97', '123003', '01', '1', 0, 100, '1', '1', '0', '2013-07-29 09:58:33', 0, 5, 0, 1, 1),
(5708, '2013-07-26 16:34:21', '2013-07-29 09:58:33', '3035307B2831B380E05DDAA1', '123004', '01', '1', 0, 100, '1', '1', '0', '2013-07-29 09:58:33', 0, 5, 0, 1, 1),
(5709, '2013-07-26 16:34:21', '2013-07-29 09:58:32', '3035307B2831B380E05DDAA4', '123005', '01', '1', 0, 100, '1', '1', '0', '2013-07-29 09:58:32', 0, 5, 0, 1, 1),
(5710, '2013-07-26 16:34:21', '2013-07-29 09:58:32', '3035307B2831B380E05DDAA5', '123006', '01', '1', 0, 100, '1', '1', '0', '2013-07-29 09:58:32', 0, 5, 0, 1, 1),
(5711, '2013-07-26 16:34:21', '2013-07-29 09:58:32', '3035307B2831B380E05DDAA6', '123007', '01', '1', 0, 100, '1', '1', '0', '2013-07-29 09:58:32', 0, 5, 0, 1, 1),
(5712, '2013-07-26 16:34:21', '2013-07-29 09:58:33', '3035307B2831B380E0360AB3', '123008', '01', '1', 0, 100, '1', '1', '0', '2013-07-29 09:58:33', 0, 5, 0, 1, 1),
(5713, '2013-07-26 16:34:21', '2013-07-29 09:58:33', '3035307B2831B380E05DDA62', '123009', '01', '1', 0, 100, '1', '1', '0', '2013-07-29 09:58:33', 0, 5, 0, 1, 1),
(5714, '2013-07-26 16:34:21', '2013-07-29 09:58:33', '3035307B2831B380E035B863', '4106888194', '00', '1', 0, 100, '1', '1', '0', '2013-07-29 09:58:33', 0, 6, 0, 1, 1),
(5715, '2013-07-26 16:34:21', '2013-07-29 09:58:32', '3035307B2831B380E03608A9', '4103861939', '04', '1', 0, 100, '1', '1', '0', '2013-07-29 09:58:32', 0, 6, 0, 1, 1),
(5716, '2013-07-26 16:34:21', '2013-07-29 09:58:33', '3035307B2831B380E035B871', '3026619392', '03', '1', 0, 100, '1', '1', '0', '2013-07-29 09:58:33', 0, 6, 0, 1, 1),
(5717, '2013-07-26 16:34:21', '2013-07-29 09:58:32', '3035307B2831B380E035B876', '4101154440', '01', '1', 0, 100, '1', '1', '0', '2013-07-29 09:58:32', 0, 6, 0, 1, 1),
(5718, '2013-07-26 16:34:21', '2013-07-29 09:58:33', '3035307B2831B380E035B86A', '4101155684', '01', '1', 0, 100, '1', '1', '0', '2013-07-29 09:58:33', 0, 6, 0, 1, 1),
(5719, '2013-07-26 16:34:21', '2013-07-29 09:58:32', '3035307B2831B380E035B87D', '3026453402', '03', '1', 0, 100, '1', '1', '0', '2013-07-29 09:58:32', 0, 6, 0, 1, 1),
(5720, '2013-07-26 16:34:21', '2013-07-29 09:58:33', '3035307B2831B380E035B874', '3026486336', '01', '1', 0, 100, '1', '1', '0', '2013-07-29 09:58:33', 0, 6, 0, 1, 1),
(5721, '2013-07-26 16:34:21', '2013-07-29 09:58:32', '3035307B2831B380E035B866', '4101157955', '01', '1', 0, 100, '1', '1', '0', '2013-07-29 09:58:32', 0, 6, 0, 1, 1),
(5722, '2013-07-26 16:34:21', '2013-07-29 09:58:33', '3035307B2831B380E035B86C', '3033537211', '04', '1', 0, 100, '1', '1', '0', '2013-07-29 09:58:33', 0, 6, 0, 1, 1),
(5723, '2013-07-26 16:34:21', '2013-07-29 09:58:32', '3035307B2831B380E035B87F', '4104224908', '01', '1', 0, 100, '1', '1', '0', '2013-07-29 09:58:32', 0, 6, 0, 1, 1),
(5724, '2013-07-26 16:34:21', '2013-07-29 09:58:33', '3035307B2831B380E035B875', '3035132652', '01', '1', 0, 100, '1', '1', '0', '2013-07-29 09:58:33', 0, 6, 0, 1, 1),
(5725, '2013-07-26 16:34:21', '2013-07-29 09:58:33', '3035307B2831B380E035B87E', '4101155199', '03', '1', 0, 100, '1', '1', '0', '2013-07-29 09:58:33', 0, 6, 0, 1, 1),
(5726, '2013-07-26 16:34:21', '2013-07-29 09:58:33', '3035307B2831B380E035B873', '3026516276', '03', '1', 0, 100, '1', '1', '0', '2013-07-29 09:58:33', 0, 6, 0, 1, 1),
(5727, '2013-07-26 16:34:21', '2013-07-29 09:58:33', '3035307B2831B380E035B87B', '4101156891', '00', '1', 0, 100, '1', '1', '0', '2013-07-29 09:58:33', 0, 6, 0, 1, 1),
(5728, '2013-07-26 16:34:21', '2013-07-29 09:58:32', '3035307B2831B380E035B878', '4104274109', '00', '1', 0, 100, '1', '1', '0', '2013-07-29 09:58:32', 0, 6, 0, 1, 1),
(5729, '2013-07-26 16:34:21', '2013-07-29 09:58:32', '3035307B2831B380E035B87A', '4107216474', '00', '1', 0, 100, '1', '1', '0', '2013-07-29 09:58:32', 0, 6, 0, 1, 1),
(5730, '2013-07-26 16:34:21', '2013-07-29 09:58:32', '3035307B2831B380E035B879', '3025927227', '02', '1', 0, 100, '1', '1', '0', '2013-07-29 09:58:32', 0, 6, 0, 1, 1),
(5731, '2013-07-26 16:34:21', '2013-07-29 09:58:33', '3035307B2831B380E035B880', '4106885263', '00', '1', 0, 100, '1', '1', '0', '2013-07-29 09:58:33', 0, 6, 0, 1, 1),
(5732, '2013-07-26 16:34:21', '2013-07-29 09:58:33', '3035307B2831B380E035B877', '4106875228', '01', '1', 0, 100, '1', '1', '0', '2013-07-29 09:58:33', 0, 6, 0, 1, 1),
(5733, '2013-07-26 16:34:21', '2013-07-29 09:58:32', '3035307B2831B380E035F697', '4110613694', '01', '1', 0, 100, '1', '1', '0', '2013-07-29 09:58:32', 0, 7, 0, 1, 1),
(5734, '2013-07-26 16:34:21', '2013-07-29 09:58:33', '3035307B2831B380E035F682', '4110567140', '01', '1', 0, 100, '1', '1', '0', '2013-07-29 09:58:33', 0, 7, 0, 1, 1),
(5735, '2013-07-26 16:34:21', '2013-07-29 09:58:32', '3035307B2831B380E035F684', '4110620296', '01', '1', 0, 100, '1', '1', '0', '2013-07-29 09:58:32', 0, 8, 0, 1, 1),
(5736, '2013-07-26 16:34:21', '2013-07-29 09:58:32', '3035307B2831B380E035F67D', '4110589735', '01', '1', 0, 100, '1', '1', '0', '2013-07-29 09:58:32', 0, 8, 0, 1, 1),
(5737, '2013-07-26 16:34:21', '2013-07-29 09:58:33', '3035307B2831B380E035B872', '4101207815', '01', '1', 0, 100, '1', '1', '0', '2013-07-29 09:58:33', 0, 9, 0, 1, 1),
(5738, '2013-07-26 16:34:21', '2013-07-29 09:58:33', '3035307B2831B380E035B85B', '4101210389', '02', '1', 0, 100, '1', '1', '0', '2013-07-29 09:58:33', 0, 9, 0, 1, 1),
(5739, '2013-07-26 16:34:21', '2013-07-29 09:58:32', '3035307B2831B380E035B862', '4100579796', '00', '1', 0, 100, '1', '1', '0', '2013-07-29 09:58:32', 0, 9, 0, 1, 1),
(5740, '2013-07-26 16:34:21', '2013-07-29 09:58:33', '3035307B2831B380E035B85E', '4101151929', '01', '1', 0, 100, '1', '1', '0', '2013-07-29 09:58:33', 0, 9, 0, 1, 1),
(5741, '2013-07-26 16:34:21', '2013-07-29 09:58:32', '3035307B2831B380E035B865', '4101158043', '01', '1', 0, 100, '1', '1', '0', '2013-07-29 09:58:32', 0, 9, 0, 1, 1),
(5742, '2013-07-26 16:34:21', '2013-07-29 09:58:33', '3035307B2831B380E0242CAE', '4103478955', '02', '1', 0, 100, '1', '1', '0', '2013-07-29 09:58:33', 0, 10, 0, 1, 1),
(5743, '2013-07-26 16:34:21', '2013-07-29 09:58:33', '3035307B2831B380E035DC09', '4100242250', '02', '1', 0, 100, '1', '1', '0', '2013-07-29 09:58:33', 0, 10, 0, 1, 1),
(5744, '2013-07-26 16:34:21', '2013-07-29 09:58:32', '3035307B2831B380E035C0D3', '4104076010', '01', '1', 0, 100, '1', '1', '0', '2013-07-29 09:58:32', 0, 10, 0, 1, 1),
(5746, '2013-07-26 16:34:21', '2013-07-29 09:58:32', '3035307B2831B380E035C0D5', '3025411115', '02', '1', 0, 100, '1', '1', '0', '2013-07-29 09:58:32', 0, 10, 0, 1, 1),
(5747, '2013-07-26 16:34:21', '2013-07-29 09:58:32', '3035307B2831B380E035C0EE', '3032230524', '03', '1', 0, 100, '1', '1', '0', '2013-07-29 09:58:32', 0, 10, 0, 1, 1),
(5748, '2013-07-26 16:34:21', '2013-07-29 09:58:33', '3035307B2831B380E035B6B4', '3025411155', '01', '1', 0, 100, '1', '1', '0', '2013-07-29 09:58:33', 0, 10, 0, 1, 1),
(5749, '2013-07-26 16:34:21', '2013-07-29 09:58:33', '3035307B2831B380E035DC08', '4104903247', '01', '1', 0, 100, '1', '1', '0', '2013-07-29 09:58:33', 0, 10, 0, 1, 1),
(5750, '2013-07-26 16:34:21', '2013-07-29 09:58:33', '3035307B2831B380E0242CE2', '4104080462', '03', '1', 0, 100, '1', '1', '0', '2013-07-29 09:58:33', 0, 10, 0, 1, 1),
(5751, '2013-07-26 16:34:21', '2013-07-29 09:58:32', '3035307B2831B380E035B687', '4103479627', '02', '1', 0, 100, '1', '1', '0', '2013-07-29 09:58:32', 0, 10, 0, 1, 1),
(5752, '2013-07-26 16:34:21', '2013-07-29 09:58:32', '3035307B2831B380E035C0EA', '4100673947', '01', '1', 0, 100, '1', '1', '0', '2013-07-29 09:58:32', 0, 10, 0, 1, 1),
(5753, '2013-07-26 16:34:21', '2013-07-29 09:58:32', '3035307B2831B380E035B65B', '3033553493', '02', '1', 0, 100, '1', '1', '0', '2013-07-29 09:58:32', 0, 10, 0, 1, 1),
(5754, '2013-07-26 16:34:21', '2013-07-29 09:58:33', '3035307B2831B380E035B69F', '3034880546', '01', '1', 0, 100, '1', '1', '0', '2013-07-29 09:58:33', 0, 10, 0, 1, 1),
(5755, '2013-07-26 16:34:21', '2013-07-29 09:58:32', '3035307B2831B380E035DBFD', '3022106615', '01', '1', 0, 100, '1', '1', '0', '2013-07-29 09:58:32', 0, 10, 0, 1, 1),
(5756, '2013-07-26 16:34:21', '2013-07-29 09:58:33', '3035307B2831B380E0241F43', '3033956580', '01', '1', 0, 100, '1', '1', '0', '2013-07-29 09:58:33', 0, 10, 0, 1, 1),
(5757, '2013-07-26 16:34:21', '2013-07-29 09:58:32', '3035307B2831B380E035B682', '3034029645', '01', '1', 0, 100, '1', '1', '0', '2013-07-29 09:58:32', 0, 10, 0, 1, 1),
(5758, '2013-07-26 16:34:21', '2013-07-29 09:58:32', '3035307B2831B380E035B698', '4104095966', '01', '1', 0, 100, '1', '1', '0', '2013-07-29 09:58:32', 0, 10, 0, 1, 1),
(5759, '2013-07-26 16:34:21', '2013-07-29 09:58:32', '3035307B2831B380E035C0C2', '3034120797', '01', '1', 0, 100, '1', '1', '0', '2013-07-29 09:58:32', 0, 10, 0, 1, 1),
(5760, '2013-07-26 16:34:21', '2013-07-29 09:58:33', '3035307B2831B380E035B67C', '3027313539', '01', '1', 0, 100, '1', '1', '0', '2013-07-29 09:58:33', 0, 10, 0, 1, 1),
(5761, '2013-07-26 16:34:21', '2013-07-29 09:58:32', '3035307B2831B380E02436EC', '123010', '01', '1', 0, 100, '1', '1', '0', '2013-07-29 09:58:32', 0, 5, 0, 1, 1),
(5762, '2013-07-26 16:34:21', '2013-07-29 09:58:33', '3035307B2831B380E02436EA', '123011', '01', '1', 0, 100, '1', '1', '0', '2013-07-29 09:58:33', 0, 5, 0, 1, 1),
(5763, '2013-07-26 16:34:21', '2013-07-29 09:58:32', '3035307B2831B380E02436DC', '123012', '01', '1', 0, 100, '1', '1', '0', '2013-07-29 09:58:32', 0, 5, 0, 1, 1),
(5764, '2013-07-26 16:34:21', '2013-07-29 09:58:32', '3035307B2831B380E02436EE', '123013', '01', '1', 0, 100, '1', '1', '0', '2013-07-29 09:58:32', 0, 5, 0, 1, 1),
(5765, '2013-07-26 16:34:21', '2013-07-29 09:58:32', '3035307B2831B380E02436C9', '123014', '01', '1', 0, 100, '1', '1', '0', '2013-07-29 09:58:32', 0, 5, 0, 1, 1),
(5766, '2013-07-26 16:34:21', '2013-07-29 09:58:33', '3035307B2831B380E035C66D', '123015', '01', '1', 0, 100, '1', '1', '0', '2013-07-29 09:58:33', 0, 5, 0, 1, 1),
(5767, '2013-07-26 16:34:21', '2013-07-29 09:58:33', '3035307B2831B380E035C677', '123016', '01', '1', 0, 100, '1', '1', '0', '2013-07-29 09:58:33', 0, 5, 0, 1, 1),
(5768, '2013-07-26 16:34:21', '2013-07-29 09:58:32', '3035307B2831B380E035B75C', '123017', '01', '1', 0, 100, '1', '1', '0', '2013-07-29 09:58:32', 0, 5, 0, 1, 1),
(5769, '2013-07-26 16:34:21', '2013-07-29 09:58:33', '3035307B2831B380E0243150', '123018', '01', '1', 0, 100, '1', '1', '0', '2013-07-29 09:58:33', 0, 5, 0, 1, 1),
(5770, '2013-07-26 16:34:21', '2013-07-29 09:58:33', '3035307B2831B380E024314E', '123019', '01', '1', 0, 100, '1', '1', '0', '2013-07-29 09:58:33', 0, 5, 0, 1, 1),
(5771, '2013-07-26 16:34:21', '2013-07-29 09:58:32', '3035307B2831B380E0242D77', '123020', '01', '1', 0, 100, '1', '1', '0', '2013-07-29 09:58:32', 0, 5, 0, 1, 1),
(5772, '2013-07-26 16:34:21', '2013-07-29 09:58:33', '3035307B2831B380E02431A0', '123021', '01', '1', 0, 100, '1', '1', '0', '2013-07-29 09:58:33', 0, 5, 0, 1, 1),
(5773, '2013-07-26 16:34:21', '2013-07-29 09:58:32', '3035307B2831B380E024315A', '123022', '01', '1', 0, 100, '1', '1', '0', '2013-07-29 09:58:32', 0, 5, 0, 1, 1),
(5774, '2013-07-26 16:34:21', '2013-07-29 09:58:33', '3035307B2831B380E0243196', '123023', '01', '1', 0, 100, '1', '1', '0', '2013-07-29 09:58:33', 0, 5, 0, 1, 1),
(5775, '2013-07-26 16:34:21', '2013-07-29 09:58:32', '3035307B2831B380E024314B', '123024', '01', '1', 0, 100, '1', '1', '0', '2013-07-29 09:58:32', 0, 5, 0, 1, 1),
(5776, '2013-07-26 16:34:21', '2013-07-29 09:58:32', '3035307B2831B380E0242D8D', '123025', '01', '1', 0, 100, '1', '1', '0', '2013-07-29 09:58:32', 0, 5, 0, 1, 1),
(5777, '2013-07-26 16:34:21', '2013-07-29 09:58:32', '3035307B2831B380E0242D8B', '123026', '01', '1', 0, 100, '1', '1', '0', '2013-07-29 09:58:32', 0, 5, 0, 1, 1),
(5778, '2013-07-26 16:34:21', '2013-07-29 09:58:32', '3035307B2831B380E0243179', '123027', '01', '1', 0, 100, '1', '1', '0', '2013-07-29 09:58:32', 0, 5, 0, 1, 1),
(5779, '2013-07-26 16:34:21', '2013-07-29 09:58:33', '3035307B2831B380E035B75E', '123028', '01', '1', 0, 100, '1', '1', '0', '2013-07-29 09:58:33', 0, 5, 0, 1, 1),
(5780, '2013-07-26 16:34:21', '2013-07-29 09:58:33', '3035307B2831B380E0243159', '123029', '01', '1', 0, 100, '1', '1', '0', '2013-07-29 09:58:33', 0, 5, 0, 1, 1),
(5781, '2013-07-26 16:34:21', '2013-07-29 09:58:32', '3035307B2831B380E02431A8', '123030', '01', '1', 0, 100, '1', '1', '0', '2013-07-29 09:58:32', 0, 5, 0, 1, 1),
(5782, '2013-07-26 16:34:21', '2013-07-29 09:58:33', '3035307B2831B380E0243189', '123031', '01', '1', 0, 100, '1', '1', '0', '2013-07-29 09:58:33', 0, 5, 0, 1, 1),
(5783, '2013-07-26 16:34:21', '2013-07-29 09:58:33', '3035307B2831B380E0242D90', '123032', '01', '1', 0, 100, '1', '1', '0', '2013-07-29 09:58:33', 0, 5, 0, 1, 1),
(5784, '2013-07-26 16:34:21', '2013-07-29 09:58:32', '3035307B2831B380E0242D8C', '123033', '01', '1', 0, 100, '1', '1', '0', '2013-07-29 09:58:32', 0, 5, 0, 1, 1),
(5785, '2013-07-26 16:34:21', '2013-07-29 09:58:32', '3035307B2831B380E0243151', '123034', '01', '1', 0, 100, '1', '1', '0', '2013-07-29 09:58:32', 0, 5, 0, 1, 1),
(5786, '2013-07-26 16:34:21', '2013-07-29 09:58:33', '3035307B2831B380E035C67E', '123035', '01', '1', 0, 100, '1', '1', '0', '2013-07-29 09:58:33', 0, 5, 0, 1, 1),
(5787, '2013-07-26 16:34:21', '2013-07-29 09:58:32', '3035307B2831B380E035C65B', '123036', '01', '1', 0, 100, '1', '1', '0', '2013-07-29 09:58:32', 0, 5, 0, 1, 1),
(5788, '2013-07-26 16:34:21', '2013-07-29 09:58:33', '3035307B2831B380E035C67D', '123037', '01', '1', 0, 100, '1', '1', '0', '2013-07-29 09:58:33', 0, 5, 0, 1, 1),
(5789, '2013-07-26 16:34:21', '2013-07-29 09:58:32', '3035307B2831B380E0242D73', '123038', '01', '1', 0, 100, '1', '1', '0', '2013-07-29 09:58:32', 0, 5, 0, 1, 1),
(5790, '2013-07-26 16:34:21', '2013-07-29 09:58:32', '3035307B2831B380E0242D75', '123039', '01', '1', 0, 100, '1', '1', '0', '2013-07-29 09:58:32', 0, 5, 0, 1, 1),
(5791, '2013-07-26 16:34:21', '2013-07-29 09:58:32', '3035307B2831B380E035C63D', '123040', '01', '1', 0, 100, '1', '1', '0', '2013-07-29 09:58:32', 0, 5, 0, 1, 1),
(5792, '2013-07-26 16:34:21', '2013-07-29 09:58:32', '3035307B2831B380E035C65A', '123041', '01', '1', 0, 100, '1', '1', '0', '2013-07-29 09:58:32', 0, 5, 0, 1, 1),
(5793, '2013-07-26 16:34:21', '2013-07-29 09:58:33', '3035307B2831B380E035C689', '123042', '01', '1', 0, 100, '1', '1', '0', '2013-07-29 09:58:33', 0, 5, 0, 1, 1),
(5794, '2013-07-26 16:34:21', '2013-07-29 09:58:32', '3035307B2831B380E035C646', '123043', '01', '1', 0, 100, '1', '1', '0', '2013-07-29 09:58:32', 0, 5, 0, 1, 1),
(5795, '2013-07-26 16:34:21', '2013-07-29 09:58:33', '3035307B2831B380E035C63C', '123044', '01', '1', 0, 100, '1', '1', '0', '2013-07-29 09:58:33', 0, 5, 0, 1, 1),
(5796, '2013-07-26 16:34:21', '2013-07-29 09:58:33', '3035307B2831B380E024370A', '123045', '01', '1', 0, 100, '1', '1', '0', '2013-07-29 09:58:33', 0, 5, 0, 1, 1),
(5797, '2013-07-26 16:34:21', '2013-07-29 09:58:33', '3035307B2831B380E035C684', '123046', '01', '1', 0, 100, '1', '1', '0', '2013-07-29 09:58:33', 0, 5, 0, 1, 1),
(5798, '2013-07-26 16:34:21', '2013-07-29 09:58:33', '3035307B2831B380E035C65E', '123047', '01', '1', 0, 100, '1', '1', '0', '2013-07-29 09:58:33', 0, 5, 0, 1, 1),
(5799, '2013-07-26 16:34:21', '2013-07-29 09:58:32', '3035307B2831B380E0242D65', '123048', '01', '1', 0, 100, '1', '1', '0', '2013-07-29 09:58:32', 0, 5, 0, 1, 1),
(5800, '2013-07-26 16:34:21', '2013-07-29 09:58:33', '3035307B2831B380E0243160', '123049', '01', '1', 0, 100, '1', '1', '0', '2013-07-29 09:58:33', 0, 5, 0, 1, 1),
(5801, '2013-07-26 16:34:21', '2013-07-29 09:58:32', '3035307B2831B380E0242D7F', '123050', '01', '1', 0, 100, '1', '1', '0', '2013-07-29 09:58:32', 0, 5, 0, 1, 1);

--
-- Déclencheurs `epc`
--
DROP TRIGGER IF EXISTS `Insert_Log_Epc`;
DELIMITER //
CREATE TRIGGER `Insert_Log_Epc` BEFORE UPDATE ON `epc`
 FOR EACH ROW BEGIN
IF (OLD.State != NEW.State)
THEN INSERT INTO log_epc (Date_creation,Epc_Id,Tag,Code_Barre,Taille,Cycle_Lavage_Count,State,Last_User,Last_Reader,Last_Action,Last_Action_Date,Movement,Article_Type_ID,Case_ID,Armoire_ID) VALUES (OLD.Date_Modification,OLD.Id,OLD.Tag,OLD.Code_Barre, OLD.Taille,OLD.Cycle_Lavage_Count,OLD.State, OLD.Last_User,OLD.Last_Reader,NEW.Last_Action,OLD.Last_Action_Date,OLD.Movement,OLD.Article_Type_ID,OLD.Case_ID,OLD.Armoire_ID);
        END IF;
   END
//
DELIMITER ;

-- --------------------------------------------------------

--
-- Structure de la table `log_epc`
--

CREATE TABLE IF NOT EXISTS `log_epc` (
  `Id` int(8) NOT NULL AUTO_INCREMENT,
  `Date_Creation` datetime NOT NULL DEFAULT '1971-01-01 00:00:00',
  `Epc_Id` int(11) NOT NULL,
  `Tag` varchar(255) NOT NULL,
  `Code_Barre` varchar(255) NOT NULL,
  `Taille` varchar(255) NOT NULL,
  `Cycle_Lavage_Count` int(8) NOT NULL,
  `State` int(8) NOT NULL,
  `Last_User` varchar(255) NOT NULL,
  `Last_Reader` varchar(255) NOT NULL,
  `Last_Action` varchar(255) NOT NULL,
  `Last_Action_Date` datetime NOT NULL DEFAULT '1971-01-01 00:00:00',
  `Movement` int(8) NOT NULL,
  `Article_Type_ID` int(8) NOT NULL,
  `Case_ID` int(8) NOT NULL,
  `Armoire_ID` int(8) NOT NULL,
  `Synchronised` tinyint(4) NOT NULL DEFAULT '0',
  PRIMARY KEY (`Id`)
) ENGINE=MyISAM  DEFAULT CHARSET=latin1 AUTO_INCREMENT=1368 ;

--
-- Contenu de la table `log_epc`
--

INSERT INTO `log_epc` (`Id`, `Date_Creation`, `Epc_Id`, `Tag`, `Code_Barre`, `Taille`, `Cycle_Lavage_Count`, `State`, `Last_User`, `Last_Reader`, `Last_Action`, `Last_Action_Date`, `Movement`, `Article_Type_ID`, `Case_ID`, `Armoire_ID`, `Synchronised`) VALUES
(606, '2013-05-30 16:27:44', 19, '3035307B2831B380E035B693', '4111265076', '5', 0, 0, '0', '0', '0', '2013-05-30 16:27:44', 0, 3, 0, 1, 1),
(607, '2013-05-30 16:27:44', 4, '3035307B2831B380E035DBFD', '4108147657', '2', 0, 0, '0', '0', '0', '2013-05-30 16:27:44', 0, 2, 0, 1, 1),
(608, '2013-05-30 16:27:44', 52, '3035307B2831B380E035B69F', '4111199887', '0', 0, 0, '0', '0', '0', '2013-05-30 16:27:44', 0, 2, 0, 1, 1),
(609, '2013-05-30 16:27:44', 64, '3035307B2831B380E035C109', '4108147321', '2', 0, 0, '0', '0', '0', '2013-05-30 16:27:44', 0, 2, 0, 1, 1),
(610, '2013-05-30 16:27:44', 78, '3035307B2831B380E035B68F', '4111265748', '5', 0, 0, '0', '0', '0', '2013-05-30 16:27:44', 0, 3, 0, 1, 1),
(611, '2013-05-30 16:27:44', 83, '3035307B2831B380E035B6E1', '4108149673', '2', 0, 0, '0', '0', '0', '2013-05-30 16:27:44', 0, 2, 0, 1, 1),
(612, '2013-05-30 16:27:44', 37, '3035307B2831B380E035C0EE', '4108146985', '2', 0, 0, '0', '0', '0', '2013-05-30 16:27:44', 0, 2, 0, 1, 1),
(613, '2013-05-30 16:27:44', 77, '3035307B2831B380E035C10F', '4110007750', '5', 0, 0, '0', '0', '0', '2013-05-30 16:27:44', 0, 3, 0, 1, 1),
(614, '2013-05-30 16:27:44', 66, '3035307B2831B380E0242CAE', '4108146649', '2', 0, 0, '0', '0', '0', '2013-05-30 16:27:44', 0, 2, 0, 1, 1),
(615, '2013-05-30 16:27:44', 18, '3035307B2831B380E035B651', '3033028450', '4', 0, 0, '0', '0', '0', '2013-05-30 16:27:44', 0, 1, 0, 1, 1),
(616, '2013-05-30 16:27:44', 36, '3035307B2831B380E035B631', '3034874436', '1', 0, 0, '0', '0', '0', '2013-05-30 16:27:44', 0, 2, 0, 1, 1),
(617, '2013-05-30 16:27:44', 69, '3035307B2831B380E035B6E4', '4111264908', '5', 0, 0, '0', '0', '0', '2013-05-30 16:27:44', 0, 3, 0, 1, 1),
(618, '2013-05-30 16:27:44', 17, '3035307B2831B380E035C0D5', '3034990796', '1', 0, 0, '0', '0', '0', '2013-05-30 16:27:44', 0, 2, 0, 1, 1),
(619, '2013-05-30 16:27:44', 15, '3035307B2831B380E035B649', '4111253792', '0', 0, 0, '0', '0', '0', '2013-05-30 16:27:44', 0, 2, 0, 1, 1),
(620, '2013-05-30 16:27:44', 35, '3035307B2831B380E035B67C', '4110128602', '1', 0, 0, '0', '0', '0', '2013-05-30 16:27:44', 0, 1, 0, 1, 1),
(621, '2013-05-30 16:27:44', 62, '3035307B2831B380E035B6C4', '4110007414', '5', 0, 0, '0', '0', '0', '2013-05-30 16:27:44', 0, 3, 0, 1, 1),
(622, '2013-05-30 16:27:44', 21, '3035307B2831B380E035B67F', '4111265244', '5', 0, 0, '0', '0', '0', '2013-05-30 16:27:44', 0, 3, 0, 1, 1),
(623, '2013-05-30 16:27:44', 65, '3035307B2831B380E0241F43', '4100913688', '4', 0, 0, '0', '0', '0', '2013-05-30 16:27:44', 0, 2, 0, 1, 1),
(624, '2013-05-30 16:27:44', 44, '3035307B2831B380E035B682', '4107373840', '3', 0, 0, '0', '0', '0', '2013-05-30 16:27:44', 0, 1, 0, 1, 1),
(625, '2013-05-30 16:27:44', 75, '3035307B2831B380E035B68D', '4111263899', '5', 0, 0, '0', '0', '0', '2013-05-30 16:27:44', 0, 3, 0, 1, 1),
(626, '2013-05-30 16:27:44', 38, '3035307B2831B380E035C0C7', '4100912260', '4', 0, 0, '0', '0', '0', '2013-05-30 16:27:44', 0, 2, 0, 1, 1),
(627, '2013-05-30 16:27:44', 28, '3035307B2831B380E035B6D5', '4110006070', '5', 0, 0, '0', '0', '0', '2013-05-30 16:27:44', 0, 3, 0, 1, 1),
(628, '2013-05-30 16:27:44', 86, '3035307B2831B380E035B69B', '4110008426', '5', 0, 0, '0', '0', '0', '2013-05-30 16:27:44', 0, 3, 0, 1, 1),
(629, '2013-05-30 16:27:44', 57, '3035307B2831B380E035B63F', '4110008422', '5', 0, 0, '0', '0', '0', '2013-05-30 16:27:44', 0, 3, 0, 1, 1),
(630, '2013-05-30 16:27:44', 12, '3035307B2831B380E035C0FE', '4110006742', '5', 0, 0, '0', '0', '0', '2013-05-30 16:27:44', 0, 3, 0, 1, 1),
(631, '2013-05-30 16:27:44', 59, '3035307B2831B380E035B683', '4103435930', '1', 0, 0, '0', '0', '0', '2013-05-30 16:27:44', 0, 2, 0, 1, 1),
(632, '2013-05-30 16:27:44', 79, '3035307B2831B380E0242CC2', '4111263904', '5', 0, 0, '0', '0', '0', '2013-05-30 16:27:44', 0, 3, 0, 1, 1),
(633, '2013-05-30 16:27:44', 10, '3035307B2831B380E035B661', '4110006406', '5', 0, 0, '0', '0', '0', '2013-05-30 16:27:44', 0, 3, 0, 1, 1),
(634, '2013-05-30 16:27:44', 54, '3035307B2831B380E035B6A9', '4100914696', '4', 0, 0, '0', '0', '0', '2013-05-30 16:27:44', 0, 2, 0, 1, 1),
(635, '2013-05-30 16:27:44', 33, '3035307B2831B380E035B629', '4110006068', '5', 0, 0, '0', '0', '0', '2013-05-30 16:27:44', 0, 3, 0, 1, 1),
(636, '2013-05-30 16:27:44', 81, '3035307B2831B380E035C119', '4103429017', '2', 0, 0, '0', '0', '0', '2013-05-30 16:27:44', 0, 2, 0, 1, 1),
(637, '2013-05-30 16:27:44', 7, '3035307B2831B380E035B640', '4111232479', '0', 0, 0, '0', '0', '0', '2013-05-30 16:27:44', 0, 2, 0, 1, 1),
(638, '2013-05-30 16:27:44', 67, '3035307B2831B380E035B6CD', '4110006404', '5', 0, 0, '0', '0', '0', '2013-05-30 16:27:44', 0, 3, 0, 1, 1),
(639, '2013-05-30 16:27:44', 47, '3035307B2831B380E035B6B4', '3035409248', '3', 0, 0, '0', '0', '0', '2013-05-30 16:27:44', 0, 1, 0, 1, 1),
(640, '2013-05-30 16:27:44', 70, '3035307B2831B380E035B63C', '4110007078', '5', 0, 0, '0', '0', '0', '2013-05-30 16:27:44', 0, 3, 0, 1, 1),
(641, '2013-05-30 16:27:44', 87, '3035307B2831B380E035B6E8', '3023344887', '2', 0, 0, '0', '0', '0', '2013-05-30 16:27:44', 0, 1, 0, 1, 1),
(642, '2013-05-30 16:27:44', 8, '3035307B2831B380E0241EEC', '4110008758', '5', 0, 0, '0', '0', '0', '2013-05-30 16:27:44', 0, 3, 0, 1, 1),
(643, '2013-05-30 16:27:44', 71, '3035307B2831B380E035C0E2', '4103435594', '1', 0, 0, '0', '0', '0', '2013-05-30 16:27:44', 0, 2, 0, 1, 1),
(644, '2013-05-30 16:27:44', 55, '3035307B2831B380E035C0FB', '3023318967', '2', 0, 0, '0', '0', '0', '2013-05-30 16:27:44', 0, 1, 0, 1, 1),
(645, '2013-05-30 16:27:44', 63, '3035307B2831B380E035B67D', '4110007748', '5', 0, 0, '0', '0', '0', '2013-05-30 16:27:44', 0, 3, 0, 1, 1),
(646, '2013-05-30 16:27:44', 16, '3035307B2831B380E035B664', '4111253624', '0', 0, 0, '0', '0', '0', '2013-05-30 16:27:44', 0, 2, 0, 1, 1),
(647, '2013-05-30 16:27:44', 23, '3035307B2831B380E035B6D0', '3035332705', '3', 0, 0, '0', '0', '0', '2013-05-30 16:27:44', 0, 1, 0, 1, 1),
(648, '2013-05-30 16:27:44', 43, '3035307B2831B380E035C0DB', '4111265580', '5', 0, 0, '0', '0', '0', '2013-05-30 16:27:44', 0, 3, 0, 1, 1),
(649, '2013-05-30 16:27:44', 80, '3035307B2831B380E035B6BD', '3028626019', '2', 0, 0, '0', '0', '0', '2013-05-30 16:27:44', 0, 2, 0, 1, 1),
(650, '2013-05-30 16:27:44', 2, '3035307B2831B380E035B678', '4109518123', '1', 0, 0, '0', '0', '0', '2013-05-30 16:27:44', 0, 2, 0, 1, 1),
(651, '2013-05-30 16:27:44', 42, '3035307B2831B380E035C0C4', '4110008084', '5', 0, 0, '0', '0', '0', '2013-05-30 16:27:44', 0, 3, 0, 1, 1),
(652, '2013-05-30 16:27:44', 13, '3035307B2831B380E035B64E', '4110126585', '1', 0, 0, '0', '0', '0', '2013-05-30 16:27:44', 0, 1, 0, 1, 1),
(653, '2013-05-30 16:27:44', 61, '3035307B2831B380E035C0C0', '4110008420', '5', 0, 0, '0', '0', '0', '2013-05-30 16:27:44', 0, 3, 0, 1, 1),
(654, '2013-05-30 16:27:44', 3, '3035307B2831B380E035C0C3', '4105723079', '0', 0, 0, '0', '0', '0', '2013-05-30 16:27:44', 0, 1, 0, 1, 1),
(655, '2013-05-30 16:27:44', 27, '3035307B2831B380E035DC04', '4107784458', '1', 0, 0, '0', '0', '0', '2013-05-30 16:27:44', 0, 2, 0, 1, 1),
(656, '2013-05-30 16:27:44', 46, '3035307B2831B380E035B6CA', '4110127930', '1', 0, 0, '0', '0', '0', '2013-05-30 16:27:44', 0, 1, 0, 1, 1),
(657, '2013-05-30 16:27:44', 68, '3035307B2831B380E035C112', '4108146982', '0', 0, 0, '0', '0', '0', '2013-05-30 16:27:44', 0, 1, 0, 1, 1),
(658, '2013-05-30 16:27:44', 34, '3035307B2831B380E035C0EA', '4108146310', '0', 0, 0, '0', '0', '0', '2013-05-30 16:27:44', 0, 1, 0, 1, 1),
(659, '2013-05-30 16:27:44', 94, '3035307B2831B380E035DBFB', '4110009098', '5', 0, 0, '0', '0', '0', '2013-05-30 16:27:44', 0, 3, 0, 1, 1),
(660, '2013-05-30 16:27:44', 1, '3035307B2831B380E035C104', '4111232311', '0', 0, 0, '0', '0', '0', '2013-05-30 16:27:44', 0, 2, 0, 1, 1),
(661, '2013-05-30 16:27:44', 49, '3035307B2831B380E0241EF1', '4111232143', '0', 0, 0, '0', '0', '0', '2013-05-30 16:27:44', 0, 2, 0, 1, 1),
(662, '2013-05-30 16:27:44', 45, '3035307B2831B380E0242CEF', '3031070172', '2', 0, 0, '0', '0', '0', '2013-05-30 16:27:44', 0, 1, 0, 1, 1),
(663, '2013-05-30 16:27:44', 6, '3035307B2831B380E035DC08', '4110125913', '1', 0, 0, '0', '0', '0', '2013-05-30 16:27:44', 0, 1, 0, 1, 1),
(664, '2013-05-30 16:27:44', 30, '3035307B2831B380E035C0D3', '4100798039', '3', 0, 0, '0', '0', '0', '2013-05-30 16:27:44', 0, 1, 0, 1, 1),
(665, '2013-05-30 16:27:44', 5, '3035307B2831B380E035B6CE', '4111231975', '0', 0, 0, '0', '0', '0', '2013-05-30 16:27:44', 0, 2, 0, 1, 1),
(666, '2013-05-30 16:27:44', 73, '3035307B2831B380E035C0B9', '4111231303', '0', 0, 0, '0', '0', '0', '2013-05-30 16:27:44', 0, 2, 0, 1, 1),
(667, '2013-05-30 16:27:44', 31, '3035307B2831B380E035B687', '4100912932', '4', 0, 0, '0', '0', '0', '2013-05-30 16:27:44', 0, 2, 0, 1, 1),
(668, '2013-05-30 16:27:44', 60, '3035307B2831B380E035DC0F', '4111264072', '5', 0, 0, '0', '0', '0', '2013-05-30 16:27:44', 0, 3, 0, 1, 1),
(669, '2013-05-30 16:27:44', 26, '3035307B2831B380E035B66D', '4106702460', '4', 0, 0, '0', '0', '0', '2013-05-30 16:27:44', 0, 1, 0, 1, 1),
(670, '2013-05-30 16:27:44', 90, '3035307B2831B380E0242CE5', '4110008090', '5', 0, 0, '0', '0', '0', '2013-05-30 16:27:44', 0, 3, 0, 1, 1),
(671, '2013-05-30 16:27:44', 40, '3035307B2831B380E0242CF8', '4105317508', '3', 0, 0, '0', '0', '0', '2013-05-30 16:27:44', 0, 1, 0, 1, 1),
(672, '2013-05-30 16:27:44', 93, '3035307B2831B380E035B65B', '4110008756', '5', 0, 0, '0', '0', '0', '2013-05-30 16:27:44', 0, 3, 0, 1, 1),
(673, '2013-05-30 16:27:44', 92, '3035307B2831B380E0242CD2', '4110009092', '5', 0, 0, '0', '0', '0', '2013-05-30 16:27:44', 0, 3, 0, 1, 1),
(674, '2013-05-30 16:27:44', 85, '3035307B2831B380E035B666', '4100912848', '4', 0, 0, '0', '0', '0', '2013-05-30 16:27:44', 0, 2, 0, 1, 1),
(675, '2013-05-30 16:27:44', 24, '3035307B2831B380E035DBED', '4110007412', '5', 0, 0, '0', '0', '0', '2013-05-30 16:27:44', 0, 3, 0, 1, 1),
(676, '2013-05-30 16:27:44', 74, '3035307B2831B380E035B6A8', '4111231639', '0', 0, 0, '0', '0', '0', '2013-05-30 16:27:44', 0, 2, 0, 1, 1),
(677, '2013-05-30 16:27:44', 39, '3035307B2831B380E0242CCF', '4110006740', '5', 0, 0, '0', '0', '0', '2013-05-30 16:27:44', 0, 3, 0, 1, 1),
(678, '2013-05-30 16:27:44', 58, '3035307B2831B380E0242CD0', '4103428930', '2', 0, 0, '0', '0', '0', '2013-05-30 16:27:44', 0, 2, 0, 1, 1),
(679, '2013-05-30 16:27:44', 48, '3035307B2831B380E035B6B0', '4110008086', '5', 0, 0, '0', '0', '0', '2013-05-30 16:27:44', 0, 3, 0, 1, 1),
(680, '2013-06-05 17:48:03', 61, '3035307B2831B380E035C0C0', '4110008420', '5', 0, 100, '1', '1', '0', '2013-06-05 17:48:03', 0, 3, 0, 1, 1),
(681, '2013-05-30 16:27:44', 20, '3035307B2831B380E035B6E3', '4103435846', '1', 0, 0, '0', '0', '0', '2013-05-30 16:27:44', 0, 2, 0, 1, 1),
(682, '2013-06-05 17:55:32', 61, '3035307B2831B380E035C0C0', '4110008420', '5', 0, 1, '2', '1', '0', '2013-06-05 17:55:32', 0, 3, 0, 1, 1),
(683, '2013-06-05 17:54:47', 48, '3035307B2831B380E035B6B0', '4110008086', '5', 0, 1, '2', '1', '0', '2013-06-05 17:54:47', 0, 3, 0, 1, 1),
(684, '2013-05-30 16:27:44', 51, '3035307B2831B380E0242CBC', '4108149001', '2', 0, 0, '0', '0', '0', '2013-05-30 16:27:44', 0, 2, 0, 1, 1),
(685, '2013-05-30 16:27:44', 32, '3035307B2831B380E035C101', '4110730059', '0', 0, 0, '0', '0', '0', '2013-05-30 16:27:44', 0, 1, 0, 1, 1),
(686, '2013-05-30 16:27:44', 9, '3035307B2831B380E035B66B', '4110128266', '1', 0, 0, '0', '0', '0', '2013-05-30 16:27:44', 0, 1, 0, 1, 1),
(687, '2013-05-30 16:27:44', 95, '3035307B2831B380E0242CC5', '4110008762', '5', 0, 0, '0', '0', '0', '2013-05-30 16:27:44', 0, 3, 0, 1, 1),
(688, '2013-05-30 16:27:44', 84, '3035307B2831B380E0241EE2', '4111231807', '0', 0, 0, '0', '0', '0', '2013-05-30 16:27:44', 0, 2, 0, 1, 1),
(689, '2013-05-30 16:27:44', 22, '3035307B2831B380E035B690', '4103435762', '1', 0, 0, '0', '0', '0', '2013-05-30 16:27:44', 0, 2, 0, 1, 1),
(690, '2013-05-30 16:27:44', 82, '3035307B2831B380E035B696', '3034748653', '2', 0, 0, '0', '0', '0', '2013-05-30 16:27:44', 0, 1, 0, 1, 1),
(691, '2013-05-30 16:27:44', 96, '3035307B2831B380E035B632', '4110009434', '5', 0, 0, '0', '0', '0', '2013-05-30 16:27:44', 0, 3, 0, 1, 1),
(692, '2013-05-30 16:27:44', 29, '3035307B2831B380E0241F1F', '4110007076', '5', 0, 0, '0', '0', '0', '2013-05-30 16:27:44', 0, 3, 0, 1, 1),
(693, '2013-06-05 17:55:32', 20, '3035307B2831B380E035B6E3', '4103435846', '1', 0, 1, '2', '1', '0', '2013-06-05 17:55:32', 0, 2, 0, 1, 1),
(694, '2013-05-30 16:27:44', 50, '3035307B2831B380E035B6B7', '4110127257', '1', 0, 0, '0', '0', '0', '2013-05-30 16:27:44', 0, 1, 0, 1, 1),
(695, '2013-05-30 16:27:44', 88, '3035307B2831B380E035B6D4', '4111264236', '5', 0, 0, '0', '0', '0', '2013-05-30 16:27:44', 0, 3, 0, 1, 1),
(696, '2013-06-05 17:48:03', 40, '3035307B2831B380E0242CF8', '4105317508', '3', 0, 100, '1', '1', '0', '2013-06-05 17:48:03', 0, 1, 0, 1, 1),
(697, '2013-05-30 16:27:44', 89, '3035307B2831B380E035C0CD', '4111264572', '5', 0, 0, '0', '0', '0', '2013-05-30 16:27:44', 0, 3, 0, 1, 1),
(698, '2013-06-05 18:08:05', 40, '3035307B2831B380E0242CF8', '4105317508', '3', 0, 1, '2', '1', '0', '2013-06-05 18:08:05', 0, 1, 0, 1, 1),
(699, '2013-06-05 17:57:59', 48, '3035307B2831B380E035B6B0', '4110008086', '5', 0, 10, '2', '9', '0', '2013-06-05 17:57:59', 0, 3, 0, 1, 1),
(700, '2013-06-05 18:08:49', 40, '3035307B2831B380E0242CF8', '4105317508', '3', 0, 10, '2', '9', '0', '2013-06-05 18:08:49', 0, 1, 0, 1, 1),
(701, '2013-06-05 17:56:02', 61, '3035307B2831B380E035C0C0', '4110008420', '5', 0, 10, '2', '9', '0', '2013-06-05 17:56:02', 0, 3, 0, 1, 1),
(702, '2013-06-05 18:08:05', 89, '3035307B2831B380E035C0CD', '4111264572', '5', 0, 1, '2', '1', '0', '2013-06-05 18:08:05', 0, 3, 0, 1, 1),
(703, '2013-06-05 18:04:39', 20, '3035307B2831B380E035B6E3', '4103435846', '1', 0, 100, '1', '1', '0', '2013-06-05 18:04:39', 0, 2, 0, 1, 1),
(704, '2013-06-05 18:35:07', 40, '3035307B2831B380E0242CF8', '4105317508', '3', 0, 100, '1', '1', '0', '2013-06-05 18:35:07', 0, 1, 0, 1, 1),
(705, '2013-06-05 18:39:00', 40, '3035307B2831B380E0242CF8', '4105317508', '3', 0, 1, '2', '1', '0', '2013-06-05 18:39:00', 0, 1, 0, 1, 1),
(706, '2013-06-05 17:48:03', 85, '3035307B2831B380E035B666', '4100912848', '4', 0, 100, '1', '1', '0', '2013-06-05 17:48:03', 0, 2, 0, 1, 1),
(707, '2013-06-05 18:39:20', 40, '3035307B2831B380E0242CF8', '4105317508', '3', 0, 10, '2', '9', '0', '2013-06-05 18:39:20', 0, 1, 0, 1, 1),
(708, '2013-06-05 18:35:07', 61, '3035307B2831B380E035C0C0', '4110008420', '5', 0, 100, '1', '1', '0', '2013-06-05 18:35:07', 0, 3, 0, 1, 1),
(709, '2013-06-05 18:35:07', 89, '3035307B2831B380E035C0CD', '4111264572', '5', 0, 100, '1', '1', '0', '2013-06-05 18:35:07', 0, 3, 0, 1, 1),
(710, '2013-06-05 18:49:05', 61, '3035307B2831B380E035C0C0', '4110008420', '5', 0, 1, '2', '1', '0', '2013-06-05 18:49:05', 0, 3, 0, 1, 1),
(711, '2013-06-05 18:35:07', 20, '3035307B2831B380E035B6E3', '4103435846', '1', 0, 1, '1', '1', '0', '2013-06-05 18:35:07', 0, 2, 0, 1, 1),
(712, '2013-06-05 18:40:49', 85, '3035307B2831B380E035B666', '4100912848', '4', 0, 1, '1', '1', '0', '2013-06-05 18:40:49', 0, 2, 0, 1, 1),
(713, '2013-06-05 18:53:02', 20, '3035307B2831B380E035B6E3', '4103435846', '1', 0, 100, '1', '1', '0', '2013-06-05 18:53:02', 0, 2, 0, 1, 1),
(714, '2013-06-05 18:49:05', 89, '3035307B2831B380E035C0CD', '4111264572', '5', 0, 1, '2', '1', '0', '2013-06-05 18:49:05', 0, 3, 0, 1, 1),
(715, '2013-06-05 18:50:11', 61, '3035307B2831B380E035C0C0', '4110008420', '5', 0, 10, '2', '9', '0', '2013-06-05 18:50:11', 0, 3, 0, 1, 1),
(716, '2013-06-05 18:53:02', 89, '3035307B2831B380E035C0CD', '4111264572', '5', 0, 100, '1', '1', '0', '2013-06-05 18:53:02', 0, 3, 0, 1, 1),
(717, '2013-06-05 17:48:03', 36, '3035307B2831B380E035B631', '3034874436', '1', 0, 100, '1', '1', '0', '2013-06-05 17:48:03', 0, 2, 0, 1, 1),
(718, '2013-06-06 09:54:48', 36, '3035307B2831B380E035B631', '3034874436', '1', 0, 1, '2', '1', '0', '2013-06-06 09:54:48', 0, 2, 0, 1, 1),
(719, '2013-06-05 18:53:02', 85, '3035307B2831B380E035B666', '4100912848', '4', 0, 100, '1', '1', '0', '2013-06-05 18:53:02', 0, 2, 0, 1, 1),
(720, '2013-06-06 09:55:17', 36, '3035307B2831B380E035B631', '3034874436', '1', 0, 10, '2', '9', '0', '2013-06-06 09:55:17', 0, 2, 0, 1, 1),
(721, '2013-06-05 18:04:39', 22, '3035307B2831B380E035B690', '4103435762', '1', 0, 100, '1', '1', '0', '2013-06-05 18:04:39', 0, 2, 0, 1, 1),
(722, '2013-06-05 18:35:07', 48, '3035307B2831B380E035B6B0', '4110008086', '5', 0, 100, '1', '1', '0', '2013-06-05 18:35:07', 0, 3, 0, 1, 1),
(723, '2013-06-06 10:08:12', 48, '3035307B2831B380E035B6B0', '4110008086', '5', 0, 1, '2', '1', '0', '2013-06-06 10:08:12', 0, 3, 0, 1, 1),
(724, '2013-06-06 10:04:52', 22, '3035307B2831B380E035B690', '4103435762', '1', 0, 1, '2', '1', '0', '2013-06-06 10:04:52', 0, 2, 0, 1, 1),
(725, '2013-06-06 09:55:46', 85, '3035307B2831B380E035B666', '4100912848', '4', 0, 1, '1', '1', '0', '2013-06-06 09:55:46', 0, 2, 0, 1, 1),
(726, '2013-06-05 17:48:03', 77, '3035307B2831B380E035C10F', '4110007750', '5', 0, 100, '1', '1', '0', '2013-06-05 17:48:03', 0, 3, 0, 1, 1),
(727, '2013-06-06 10:16:17', 85, '3035307B2831B380E035B666', '4100912848', '4', 0, 100, '1', '1', '0', '2013-06-06 10:16:17', 0, 2, 0, 1, 1),
(728, '2013-06-06 10:45:42', 77, '3035307B2831B380E035C10F', '4110007750', '5', 0, 1, '2', '1', '0', '2013-06-06 10:45:42', 0, 3, 0, 1, 1),
(729, '2013-06-05 17:48:03', 70, '3035307B2831B380E035B63C', '4110007078', '5', 0, 100, '1', '1', '0', '2013-06-05 17:48:03', 0, 3, 0, 1, 1),
(730, '2013-06-05 18:53:02', 61, '3035307B2831B380E035C0C0', '4110008420', '5', 0, 100, '1', '1', '0', '2013-06-05 18:53:02', 0, 3, 0, 1, 1),
(731, '2013-06-05 17:48:02', 19, '3035307B2831B380E035B693', '4111265076', '5', 0, 100, '1', '1', '0', '2013-06-05 17:48:02', 0, 3, 0, 1, 1),
(732, '2013-06-06 11:36:10', 61, '3035307B2831B380E035C0C0', '4110008420', '5', 0, 1, '2', '1', '0', '2013-06-06 11:36:10', 0, 3, 0, 1, 1),
(733, '2013-06-06 12:02:59', 19, '3035307B2831B380E035B693', '4111265076', '5', 0, 1, '2', '1', '0', '2013-06-06 12:02:59', 0, 3, 0, 1, 1),
(734, '2013-06-06 11:16:24', 70, '3035307B2831B380E035B63C', '4110007078', '5', 0, 1, '2', '1', '0', '2013-06-06 11:16:24', 0, 3, 0, 1, 1),
(735, '2013-05-30 16:27:44', 53, '3035307B2831B380E035DBE8', '4100915367', '4', 0, 0, '0', '0', '0', '2013-05-30 16:27:44', 0, 2, 0, 1, 1),
(736, '2013-06-05 17:48:03', 12, '3035307B2831B380E035C0FE', '4110006742', '5', 0, 100, '1', '1', '0', '2013-06-05 17:48:03', 0, 3, 0, 1, 1),
(737, '2013-06-06 15:46:50', 20, '3035307B2831B380E035B6E3', '4103435846', '1', 0, 1, '2', '1', '0', '2013-06-06 15:46:50', 0, 2, 0, 1, 1),
(738, '2013-06-05 17:48:03', 3, '3035307B2831B380E035C0C3', '4105723079', '0', 0, 100, '1', '1', '0', '2013-06-05 17:48:03', 0, 1, 0, 1, 1),
(739, '2013-06-05 17:48:03', 5, '3035307B2831B380E035B6CE', '4111231975', '0', 0, 100, '1', '1', '0', '2013-06-05 17:48:03', 0, 2, 0, 1, 1),
(740, '2013-06-05 17:48:03', 8, '3035307B2831B380E0241EEC', '4110008758', '5', 0, 100, '1', '1', '0', '2013-06-05 17:48:03', 0, 3, 0, 1, 1),
(741, '2013-06-05 18:04:39', 9, '3035307B2831B380E035B66B', '4110128266', '1', 0, 100, '1', '1', '0', '2013-06-05 18:04:39', 0, 1, 0, 1, 1),
(742, '2013-06-05 17:48:03', 10, '3035307B2831B380E035B661', '4110006406', '5', 0, 100, '1', '1', '0', '2013-06-05 17:48:03', 0, 3, 0, 1, 1),
(743, '2013-06-05 17:48:03', 13, '3035307B2831B380E035B64E', '4110126585', '1', 0, 100, '1', '1', '0', '2013-06-05 17:48:03', 0, 1, 0, 1, 1),
(744, '2013-06-05 17:48:03', 15, '3035307B2831B380E035B649', '4111253792', '0', 0, 100, '1', '1', '0', '2013-06-05 17:48:03', 0, 2, 0, 1, 1),
(745, '2013-06-05 17:48:03', 18, '3035307B2831B380E035B651', '3033028450', '4', 0, 100, '1', '1', '0', '2013-06-05 17:48:03', 0, 1, 0, 1, 1),
(746, '2013-06-06 15:58:44', 20, '3035307B2831B380E035B6E3', '4103435846', '1', 0, 100, '1', '1', '0', '2013-06-06 15:58:44', 0, 2, 0, 1, 1),
(747, '2013-06-05 17:48:03', 21, '3035307B2831B380E035B67F', '4111265244', '5', 0, 100, '1', '1', '0', '2013-06-05 17:48:03', 0, 3, 0, 1, 1),
(748, '2013-06-05 17:48:03', 26, '3035307B2831B380E035B66D', '4106702460', '4', 0, 100, '1', '1', '0', '2013-06-05 17:48:03', 0, 1, 0, 1, 1),
(749, '2013-06-05 18:04:39', 29, '3035307B2831B380E0241F1F', '4110007076', '5', 0, 100, '1', '1', '0', '2013-06-05 18:04:39', 0, 3, 0, 1, 1),
(750, '2013-06-05 18:04:39', 32, '3035307B2831B380E035C101', '4110730059', '0', 0, 100, '1', '1', '0', '2013-06-05 18:04:39', 0, 1, 0, 1, 1),
(751, '2013-06-06 09:55:47', 36, '3035307B2831B380E035B631', '3034874436', '1', 0, 100, '1', '1', '0', '2013-06-06 09:55:47', 0, 2, 0, 1, 1),
(752, '2013-06-05 17:48:03', 39, '3035307B2831B380E0242CCF', '4110006740', '5', 0, 100, '1', '1', '0', '2013-06-05 17:48:03', 0, 3, 0, 1, 1),
(753, '2013-06-05 18:40:49', 40, '3035307B2831B380E0242CF8', '4105317508', '3', 0, 100, '1', '1', '0', '2013-06-05 18:40:49', 0, 1, 0, 1, 1),
(754, '2013-06-05 17:48:03', 42, '3035307B2831B380E035C0C4', '4110008084', '5', 0, 100, '1', '1', '0', '2013-06-05 17:48:03', 0, 3, 0, 1, 1),
(755, '2013-06-05 17:48:03', 43, '3035307B2831B380E035C0DB', '4111265580', '5', 0, 100, '1', '1', '0', '2013-06-05 17:48:03', 0, 3, 0, 1, 1),
(756, '2013-06-05 17:48:03', 45, '3035307B2831B380E0242CEF', '3031070172', '2', 0, 100, '1', '1', '0', '2013-06-05 17:48:03', 0, 1, 0, 1, 1),
(757, '2013-06-05 17:48:03', 49, '3035307B2831B380E0241EF1', '4111232143', '0', 0, 100, '1', '1', '0', '2013-06-05 17:48:03', 0, 2, 0, 1, 1),
(758, '2013-06-06 14:25:09', 53, '3035307B2831B380E035DBE8', '4100915367', '4', 0, 100, '1', '1', '0', '2013-06-06 14:25:09', 0, 2, 0, 1, 1),
(759, '2013-06-05 17:48:03', 54, '3035307B2831B380E035B6A9', '4100914696', '4', 0, 100, '1', '1', '0', '2013-06-05 17:48:03', 0, 2, 0, 1, 1),
(760, '2013-06-05 17:48:03', 57, '3035307B2831B380E035B63F', '4110008422', '5', 0, 100, '1', '1', '0', '2013-06-05 17:48:03', 0, 3, 0, 1, 1),
(761, '2013-06-05 17:48:03', 58, '3035307B2831B380E0242CD0', '4103428930', '2', 0, 100, '1', '1', '0', '2013-06-05 17:48:03', 0, 2, 0, 1, 1),
(762, '2013-06-05 17:48:03', 62, '3035307B2831B380E035B6C4', '4110007414', '5', 0, 100, '1', '1', '0', '2013-06-05 17:48:03', 0, 3, 0, 1, 1),
(763, '2013-06-05 17:48:03', 63, '3035307B2831B380E035B67D', '4110007748', '5', 0, 100, '1', '1', '0', '2013-06-05 17:48:03', 0, 3, 0, 1, 1),
(764, '2013-06-05 17:48:02', 64, '3035307B2831B380E035C109', '4108147321', '2', 0, 100, '1', '1', '0', '2013-06-05 17:48:02', 0, 2, 0, 1, 1),
(765, '2013-06-05 17:48:03', 68, '3035307B2831B380E035C112', '4108146982', '0', 0, 100, '1', '1', '0', '2013-06-05 17:48:03', 0, 1, 0, 1, 1),
(766, '2013-06-05 17:48:03', 69, '3035307B2831B380E035B6E4', '4111264908', '5', 0, 100, '1', '1', '0', '2013-06-05 17:48:03', 0, 3, 0, 1, 1),
(767, '2013-06-05 17:48:03', 73, '3035307B2831B380E035C0B9', '4111231303', '0', 0, 100, '1', '1', '0', '2013-06-05 17:48:03', 0, 2, 0, 1, 1),
(768, '2013-06-05 17:48:03', 79, '3035307B2831B380E0242CC2', '4111263904', '5', 0, 100, '1', '1', '0', '2013-06-05 17:48:03', 0, 3, 0, 1, 1),
(769, '2013-06-05 17:48:03', 81, '3035307B2831B380E035C119', '4103429017', '2', 0, 100, '1', '1', '0', '2013-06-05 17:48:03', 0, 2, 0, 1, 1),
(770, '2013-06-05 18:04:39', 82, '3035307B2831B380E035B696', '3034748653', '2', 0, 100, '1', '1', '0', '2013-06-05 18:04:39', 0, 1, 0, 1, 1),
(771, '2013-06-05 17:48:02', 83, '3035307B2831B380E035B6E1', '4108149673', '2', 0, 100, '1', '1', '0', '2013-06-05 17:48:02', 0, 2, 0, 1, 1),
(772, '2013-06-05 18:04:39', 84, '3035307B2831B380E0241EE2', '4111231807', '0', 0, 100, '1', '1', '0', '2013-06-05 18:04:39', 0, 2, 0, 1, 1),
(773, '2013-06-05 17:48:03', 87, '3035307B2831B380E035B6E8', '3023344887', '2', 0, 100, '1', '1', '0', '2013-06-05 17:48:03', 0, 1, 0, 1, 1),
(774, '2013-06-05 17:48:03', 90, '3035307B2831B380E0242CE5', '4110008090', '5', 0, 100, '1', '1', '0', '2013-06-05 17:48:03', 0, 3, 0, 1, 1),
(775, '2013-06-05 17:48:03', 92, '3035307B2831B380E0242CD2', '4110009092', '5', 0, 100, '1', '1', '0', '2013-06-05 17:48:03', 0, 3, 0, 1, 1),
(776, '2013-06-05 18:04:39', 95, '3035307B2831B380E0242CC5', '4110008762', '5', 0, 100, '1', '1', '0', '2013-06-05 18:04:39', 0, 3, 0, 1, 1),
(777, '2013-06-05 18:04:39', 96, '3035307B2831B380E035B632', '4110009434', '5', 0, 100, '1', '1', '0', '2013-06-05 18:04:39', 0, 3, 0, 1, 1),
(778, '2013-06-05 18:04:39', 50, '3035307B2831B380E035B6B7', '4110127257', '1', 0, 100, '1', '1', '0', '2013-06-05 18:04:39', 0, 1, 0, 1, 1),
(779, '2013-06-07 14:55:28', 50, '3035307B2831B380E035B6B7', '4110127257', '1', 0, 1, '2', '1', '0', '2013-06-07 14:55:28', 0, 1, 0, 1, 1),
(780, '2013-05-30 16:27:44', 11, '3035307B2831B380E035C0C2', '4100915535', '4', 0, 0, '0', '0', '0', '2013-05-30 16:27:44', 0, 2, 0, 1, 1),
(781, '2013-06-06 12:36:08', 89, '3035307B2831B380E035C0CD', '4111264572', '5', 0, 1, '2', '1', '0', '2013-06-06 12:36:08', 0, 3, 0, 1, 1),
(782, '2013-06-06 15:41:38', 12, '3035307B2831B380E035C0FE', '4110006742', '5', 0, 1, '2', '1', '0', '2013-06-06 15:41:38', 0, 3, 0, 1, 1),
(783, '2013-05-30 16:27:44', 14, '3035307B2831B380E035B698', '3034990800', '1', 0, 0, '0', '0', '0', '2013-05-30 16:27:44', 0, 2, 0, 1, 1),
(784, '2013-05-30 16:27:44', 56, '3035307B2831B380E0242CE2', '4100915451', '4', 0, 0, '0', '0', '0', '2013-05-30 16:27:44', 0, 2, 0, 1, 1),
(785, '2013-06-06 12:17:10', 61, '3035307B2831B380E035C0C0', '4110008420', '5', 0, 10, '2', '9', '0', '2013-06-06 12:17:10', 0, 3, 0, 1, 1),
(786, '2013-06-07 14:56:55', 50, '3035307B2831B380E035B6B7', '4110127257', '1', 0, 10, '2', '9', '0', '2013-06-07 14:56:55', 0, 1, 0, 1, 1),
(787, '2013-06-07 15:07:18', 50, '3035307B2831B380E035B6B7', '4110127257', '1', 0, 100, '1', '1', '0', '2013-06-07 15:07:18', 0, 1, 0, 1, 1),
(788, '2013-06-05 17:48:03', 23, '3035307B2831B380E035B6D0', '3035332705', '3', 0, 100, '1', '1', '0', '2013-06-05 17:48:03', 0, 1, 0, 1, 1),
(789, '2013-06-07 15:07:18', 89, '3035307B2831B380E035C0CD', '4111264572', '5', 0, 100, '1', '1', '0', '2013-06-07 15:07:18', 0, 3, 0, 1, 1),
(790, '2013-06-05 17:48:03', 46, '3035307B2831B380E035B6CA', '4110127930', '1', 0, 100, '1', '1', '0', '2013-06-05 17:48:03', 0, 1, 0, 1, 1),
(791, '2013-06-07 15:10:17', 23, '3035307B2831B380E035B6D0', '3035332705', '3', 0, 1, '2', '1', '0', '2013-06-07 15:10:17', 0, 1, 0, 1, 1),
(792, '2013-06-07 15:10:17', 89, '3035307B2831B380E035C0CD', '4111264572', '5', 0, 1, '2', '1', '0', '2013-06-07 15:10:17', 0, 3, 0, 1, 1),
(793, '2013-06-07 15:10:17', 46, '3035307B2831B380E035B6CA', '4110127930', '1', 0, 1, '2', '1', '0', '2013-06-07 15:10:17', 0, 1, 0, 1, 1),
(794, '2013-06-07 15:07:47', 50, '3035307B2831B380E035B6B7', '4110127257', '1', 0, 1, '2', '1', '0', '2013-06-07 15:07:47', 0, 1, 0, 1, 1),
(795, '2013-06-07 15:20:30', 89, '3035307B2831B380E035C0CD', '4111264572', '5', 0, 10, '2', '9', '0', '2013-06-07 15:20:30', 0, 3, 0, 1, 1),
(796, '2013-06-07 15:43:22', 89, '3035307B2831B380E035C0CD', '4111264572', '5', 0, 1, '2', '1', '0', '2013-06-07 15:43:22', 0, 3, 0, 1, 1),
(797, '2013-06-07 15:20:30', 46, '3035307B2831B380E035B6CA', '4110127930', '1', 0, 10, '2', '9', '0', '2013-06-07 15:20:30', 0, 1, 0, 1, 1),
(798, '2013-06-07 15:20:19', 23, '3035307B2831B380E035B6D0', '3035332705', '3', 0, 10, '2', '9', '0', '2013-06-07 15:20:19', 0, 1, 0, 1, 1),
(799, '2013-06-07 15:20:31', 50, '3035307B2831B380E035B6B7', '4110127257', '1', 0, 10, '2', '9', '0', '2013-06-07 15:20:31', 0, 1, 0, 1, 1),
(800, '2013-06-07 11:43:45', 5685, '3035307B2831B380E0241F39', '33330005', '2', 0, 100, '206', '2', '0', '2013-06-07 11:43:45', 0, 1, 0, 1, 1),
(801, '2013-06-07 15:43:47', 89, '3035307B2831B380E035C0CD', '4111264572', '5', 0, 10, '2', '9', '0', '2013-06-07 15:43:47', 0, 3, 0, 1, 1),
(802, '2013-06-07 16:11:15', 89, '3035307B2831B380E035C0CD', '4111264572', '5', 0, 100, '1', '1', '0', '2013-06-07 16:11:15', 0, 3, 0, 1, 1),
(803, '2013-06-07 16:14:35', 89, '3035307B2831B380E035C0CD', '4111264572', '5', 0, 1, '2', '1', '0', '2013-06-07 16:14:35', 0, 3, 0, 1, 1),
(804, '2013-06-07 16:15:23', 89, '3035307B2831B380E035C0CD', '4111264572', '5', 0, 10, '2', '9', '0', '2013-06-07 16:15:23', 0, 3, 0, 1, 1),
(805, '2013-06-07 16:19:28', 89, '3035307B2831B380E035C0CD', '4111264572', '5', 0, 100, '1', '1', '0', '2013-06-07 16:19:28', 0, 3, 0, 1, 1),
(806, '2013-06-07 16:20:25', 89, '3035307B2831B380E035C0CD', '4111264572', '5', 0, 1, '2', '1', '0', '2013-06-07 16:20:25', 0, 3, 0, 1, 1),
(807, '2013-06-07 16:20:40', 89, '3035307B2831B380E035C0CD', '4111264572', '5', 0, 10, '2', '9', '0', '2013-06-07 16:20:40', 0, 3, 0, 1, 1),
(808, '2013-06-07 16:44:31', 89, '3035307B2831B380E035C0CD', '4111264572', '5', 0, 100, '1', '1', '0', '2013-06-07 16:44:31', 0, 3, 0, 1, 1),
(809, '2013-06-07 16:45:43', 89, '3035307B2831B380E035C0CD', '4111264572', '5', 0, 1, '2', '1', '0', '2013-06-07 16:45:43', 0, 3, 0, 1, 1),
(810, '2013-06-07 16:46:16', 89, '3035307B2831B380E035C0CD', '4111264572', '5', 0, 10, '2', '9', '0', '2013-06-07 16:46:16', 0, 3, 0, 1, 1),
(811, '2013-06-07 16:47:53', 89, '3035307B2831B380E035C0CD', '4111264572', '5', 0, 100, '1', '1', '0', '2013-06-07 16:47:53', 0, 3, 0, 1, 1),
(812, '2013-06-07 16:48:41', 89, '3035307B2831B380E035C0CD', '4111264572', '5', 0, 1, '2', '1', '0', '2013-06-07 16:48:41', 0, 3, 0, 1, 1),
(813, '2013-06-07 16:49:10', 89, '3035307B2831B380E035C0CD', '4111264572', '5', 0, 10, '2', '9', '0', '2013-06-07 16:49:10', 0, 3, 0, 1, 1),
(814, '2013-06-07 17:06:07', 89, '3035307B2831B380E035C0CD', '4111264572', '5', 0, 100, '1', '1', '0', '2013-06-07 17:06:07', 0, 3, 0, 1, 1),
(815, '2013-06-07 17:06:35', 89, '3035307B2831B380E035C0CD', '4111264572', '5', 0, 1, '2', '1', '0', '2013-06-07 17:06:35', 0, 3, 0, 1, 1),
(816, '2013-06-07 17:07:00', 89, '3035307B2831B380E035C0CD', '4111264572', '5', 0, 10, '2', '9', '0', '2013-06-07 17:07:00', 0, 3, 0, 1, 1),
(817, '2013-06-07 17:12:42', 89, '3035307B2831B380E035C0CD', '4111264572', '5', 0, 100, '1', '1', '0', '2013-06-07 17:12:42', 0, 3, 0, 1, 1),
(818, '2013-06-07 17:13:13', 89, '3035307B2831B380E035C0CD', '4111264572', '5', 0, 1, '2', '1', '0', '2013-06-07 17:13:13', 0, 3, 0, 1, 1),
(819, '2013-06-07 17:14:12', 89, '3035307B2831B380E035C0CD', '4111264572', '5', 0, 10, '2', '9', '0', '2013-06-07 17:14:12', 0, 3, 0, 1, 1),
(820, '2013-06-07 17:22:01', 89, '3035307B2831B380E035C0CD', '4111264572', '5', 0, 100, '1', '1', '0', '2013-06-07 17:22:01', 0, 3, 0, 1, 1),
(821, '2013-06-07 17:32:53', 89, '3035307B2831B380E035C0CD', '4111264572', '5', 0, 1, '3', '1', '0', '2013-06-07 17:32:53', 0, 3, 0, 1, 1),
(822, '2013-06-07 17:33:33', 89, '3035307B2831B380E035C0CD', '4111264572', '5', 0, 10, '3', '9', '0', '2013-06-07 17:33:33', 0, 3, 0, 1, 1),
(823, '2013-06-07 18:13:19', 89, '3035307B2831B380E035C0CD', '4111264572', '5', 0, 100, '1', '1', '0', '2013-06-07 18:13:19', 0, 3, 0, 1, 1),
(824, '2013-06-07 18:14:09', 89, '3035307B2831B380E035C0CD', '4111264572', '5', 0, 1, '3', '1', '0', '2013-06-07 18:14:09', 0, 3, 0, 1, 1),
(825, '2013-06-07 18:17:12', 89, '3035307B2831B380E035C0CD', '4111264572', '5', 0, 10, '3', '9', '0', '2013-06-07 18:17:12', 0, 3, 0, 1, 1),
(826, '2013-06-07 18:53:55', 89, '3035307B2831B380E035C0CD', '4111264572', '5', 0, 100, '1', '1', '0', '2013-06-07 18:53:55', 0, 3, 0, 1, 1),
(827, '2013-06-07 18:54:28', 89, '3035307B2831B380E035C0CD', '4111264572', '5', 0, 1, '3', '1', '0', '2013-06-07 18:54:28', 0, 3, 0, 1, 1),
(828, '2013-06-07 18:56:53', 89, '3035307B2831B380E035C0CD', '4111264572', '5', 0, 10, '3', '9', '0', '2013-06-07 18:56:53', 0, 3, 0, 1, 1),
(829, '2013-06-07 19:00:20', 89, '3035307B2831B380E035C0CD', '4111264572', '5', 0, 100, '1', '1', '0', '2013-06-07 19:00:20', 0, 3, 0, 1, 1),
(830, '2013-06-07 19:00:43', 89, '3035307B2831B380E035C0CD', '4111264572', '5', 0, 1, '3', '1', '0', '2013-06-07 19:00:43', 0, 3, 0, 1, 1),
(831, '2013-06-07 19:01:25', 89, '3035307B2831B380E035C0CD', '4111264572', '5', 0, 10, '3', '9', '0', '2013-06-07 19:01:25', 0, 3, 0, 1, 1),
(832, '2013-06-10 09:21:19', 89, '3035307B2831B380E035C0CD', '4111264572', '5', 0, 100, '1', '1', '0', '2013-06-10 09:21:19', 0, 3, 0, 1, 1),
(833, '2013-06-10 09:22:17', 89, '3035307B2831B380E035C0CD', '4111264572', '5', 0, 1, '3', '1', '0', '2013-06-10 09:22:17', 0, 3, 0, 1, 1),
(834, '2013-06-10 09:25:38', 89, '3035307B2831B380E035C0CD', '4111264572', '5', 0, 10, '3', '9', '0', '2013-06-10 09:25:38', 0, 3, 0, 1, 1),
(835, '2013-06-10 09:30:24', 89, '3035307B2831B380E035C0CD', '4111264572', '5', 0, 100, '1', '1', '0', '2013-06-10 09:30:24', 0, 3, 0, 1, 1),
(836, '2013-06-10 09:30:50', 89, '3035307B2831B380E035C0CD', '4111264572', '5', 0, 1, '3', '1', '0', '2013-06-10 09:30:50', 0, 3, 0, 1, 1),
(837, '2013-06-10 09:31:35', 89, '3035307B2831B380E035C0CD', '4111264572', '5', 0, 10, '3', '9', '0', '2013-06-10 09:31:35', 0, 3, 0, 1, 1),
(838, '2013-06-10 10:14:11', 89, '3035307B2831B380E035C0CD', '4111264572', '5', 0, 100, '1', '1', '0', '2013-06-10 10:14:11', 0, 3, 0, 1, 1),
(839, '2013-06-10 10:14:54', 89, '3035307B2831B380E035C0CD', '4111264572', '5', 0, 1, '3', '1', '0', '2013-06-10 10:14:54', 0, 3, 0, 1, 1),
(840, '2013-06-10 10:22:14', 89, '3035307B2831B380E035C0CD', '4111264572', '5', 0, 10, '3', '9', '0', '2013-06-10 10:22:14', 0, 3, 0, 1, 1),
(841, '2013-06-10 10:24:59', 89, '3035307B2831B380E035C0CD', '4111264572', '5', 0, 100, '1', '1', '0', '2013-06-10 10:24:59', 0, 3, 0, 1, 1),
(842, '2013-06-10 10:25:27', 89, '3035307B2831B380E035C0CD', '4111264572', '5', 0, 1, '3', '1', '0', '2013-06-10 10:25:27', 0, 3, 0, 1, 1),
(843, '2013-06-10 10:26:27', 89, '3035307B2831B380E035C0CD', '4111264572', '5', 0, 10, '3', '9', '0', '2013-06-10 10:26:27', 0, 3, 0, 1, 1),
(844, '2013-06-10 10:48:01', 89, '3035307B2831B380E035C0CD', '4111264572', '5', 0, 100, '1', '1', '0', '2013-06-10 10:48:01', 0, 3, 0, 1, 1),
(845, '2013-06-10 10:48:29', 89, '3035307B2831B380E035C0CD', '4111264572', '5', 0, 1, '3', '1', '0', '2013-06-10 10:48:29', 0, 3, 0, 1, 1),
(846, '2013-06-10 10:50:10', 89, '3035307B2831B380E035C0CD', '4111264572', '5', 0, 10, '3', '9', '0', '2013-06-10 10:50:10', 0, 3, 0, 1, 1),
(847, '2013-06-10 10:55:48', 89, '3035307B2831B380E035C0CD', '4111264572', '5', 0, 100, '1', '1', '0', '2013-06-10 10:55:48', 0, 3, 0, 1, 1),
(848, '2013-06-10 11:19:55', 89, '3035307B2831B380E035C0CD', '4111264572', '5', 0, 1, '3', '1', '0', '2013-06-10 11:19:55', 0, 3, 0, 1, 1),
(849, '2013-06-10 11:20:22', 89, '3035307B2831B380E035C0CD', '4111264572', '5', 1, 10, '3', '9', '0', '2013-06-10 11:20:22', 1, 3, 0, 1, 1),
(850, '2013-06-10 11:32:16', 89, '3035307B2831B380E035C0CD', '4111264572', '5', 1, 100, '1', '1', '0', '2013-06-10 11:32:16', 1, 3, 0, 1, 1),
(851, '2013-06-05 17:48:03', 1, '3035307B2831B380E035C104', '4111232311', '0', 0, 100, '1', '1', '0', '2013-06-05 17:48:03', 0, 2, 0, 1, 1),
(852, '2013-06-06 10:16:17', 22, '3035307B2831B380E035B690', '4103435762', '1', 0, 100, '1', '1', '0', '2013-06-06 10:16:17', 0, 2, 0, 1, 1),
(853, '2013-06-07 16:11:15', 23, '3035307B2831B380E035B6D0', '3035332705', '3', 0, 100, '1', '1', '0', '2013-06-07 16:11:15', 0, 1, 0, 1, 1),
(854, '2013-06-05 17:48:03', 24, '3035307B2831B380E035DBED', '4110007412', '5', 0, 100, '1', '1', '0', '2013-06-05 17:48:03', 0, 3, 0, 1, 1),
(855, '2013-06-05 17:48:03', 27, '3035307B2831B380E035DC04', '4107784458', '1', 0, 100, '1', '1', '0', '2013-06-05 17:48:03', 0, 2, 0, 1, 1),
(856, '2013-06-05 17:48:03', 28, '3035307B2831B380E035B6D5', '4110006070', '5', 0, 100, '1', '1', '0', '2013-06-05 17:48:03', 0, 3, 0, 1, 1),
(857, '2013-06-05 17:48:03', 30, '3035307B2831B380E035C0D3', '4100798039', '3', 0, 100, '1', '1', '0', '2013-06-05 17:48:03', 0, 1, 0, 1, 1),
(858, '2013-06-05 17:48:03', 33, '3035307B2831B380E035B629', '4110006068', '5', 0, 100, '1', '1', '0', '2013-06-05 17:48:03', 0, 3, 0, 1, 1),
(859, '2013-06-07 16:11:15', 46, '3035307B2831B380E035B6CA', '4110127930', '1', 0, 100, '1', '1', '0', '2013-06-07 16:11:15', 0, 1, 0, 1, 1),
(860, '2013-06-07 16:11:15', 50, '3035307B2831B380E035B6B7', '4110127257', '1', 0, 100, '1', '1', '0', '2013-06-07 16:11:15', 0, 1, 0, 1, 1),
(861, '2013-06-05 17:48:03', 59, '3035307B2831B380E035B683', '4103435930', '1', 0, 100, '1', '1', '0', '2013-06-05 17:48:03', 0, 2, 0, 1, 1),
(862, '2013-06-05 17:48:03', 65, '3035307B2831B380E0241F43', '4100913688', '4', 0, 100, '1', '1', '0', '2013-06-05 17:48:03', 0, 2, 0, 1, 1),
(863, '2013-06-10 11:38:25', 89, '3035307B2831B380E035C0CD', '4111264572', '5', 1, 1, '3', '1', '0', '2013-06-10 11:38:25', 1, 3, 0, 1, 1),
(864, '2013-06-10 11:46:12', 89, '3035307B2831B380E035C0CD', '4111264572', '5', 1, 100, '1', '1', '0', '2013-06-10 11:46:12', 1, 3, 0, 1, 1),
(865, '2013-06-10 11:46:12', 50, '3035307B2831B380E035B6B7', '4110127257', '1', 0, 1, '1', '1', '0', '2013-06-10 11:46:12', 0, 1, 0, 1, 1),
(866, '2013-06-10 11:46:12', 46, '3035307B2831B380E035B6CA', '4110127930', '1', 0, 1, '1', '1', '0', '2013-06-10 11:46:12', 0, 1, 0, 1, 1),
(867, '2013-06-10 11:46:12', 23, '3035307B2831B380E035B6D0', '3035332705', '3', 0, 1, '1', '1', '0', '2013-06-10 11:46:12', 0, 1, 0, 1, 1),
(868, '2013-06-10 11:47:09', 89, '3035307B2831B380E035C0CD', '4111264572', '5', 2, 10, '1', '9', '0', '2013-06-10 11:47:09', 2, 3, 0, 1, 1),
(869, '2013-06-10 11:46:12', 27, '3035307B2831B380E035DC04', '4107784458', '1', 0, 1, '1', '1', '0', '2013-06-10 11:46:12', 0, 2, 0, 1, 1),
(870, '2013-06-10 11:46:12', 30, '3035307B2831B380E035C0D3', '4100798039', '3', 0, 1, '1', '1', '0', '2013-06-10 11:46:12', 0, 1, 0, 1, 1),
(871, '2013-06-10 11:49:38', 89, '3035307B2831B380E035C0CD', '4111264572', '5', 1, 1, '3', '1', '0', '2013-06-10 11:49:38', 1, 3, 0, 1, 1),
(872, '2013-06-10 11:57:23', 89, '3035307B2831B380E035C0CD', '4111264572', '5', 4, 10, '3', '9', '0', '2013-06-10 11:57:23', 4, 3, 0, 1, 1),
(873, '2013-06-10 12:00:02', 89, '3035307B2831B380E035C0CD', '4111264572', '5', 1, 100, '1', '1', '0', '2013-06-10 12:00:02', 1, 3, 0, 1, 1),
(874, '2013-06-10 12:00:33', 89, '3035307B2831B380E035C0CD', '4111264572', '5', 1, 1, '3', '1', '0', '2013-06-10 12:00:33', 1, 3, 0, 1, 1),
(875, '2013-06-10 11:46:12', 28, '3035307B2831B380E035B6D5', '4110006070', '5', 0, 1, '1', '1', '0', '2013-06-10 11:46:12', 0, 3, 0, 1, 1),
(876, '2013-06-10 11:46:12', 1, '3035307B2831B380E035C104', '4111232311', '0', 0, 1, '1', '1', '0', '2013-06-10 11:46:12', 0, 2, 0, 1, 1),
(877, '2013-06-10 12:08:07', 89, '3035307B2831B380E035C0CD', '4111264572', '5', 4, 10, '3', '9', '0', '2013-06-10 12:08:07', 4, 3, 0, 1, 1),
(878, '2013-06-10 11:46:12', 24, '3035307B2831B380E035DBED', '4110007412', '5', 0, 1, '1', '1', '0', '2013-06-10 11:46:12', 0, 3, 0, 1, 1),
(879, '2013-06-10 11:46:12', 33, '3035307B2831B380E035B629', '4110006068', '5', 0, 1, '1', '1', '0', '2013-06-10 11:46:12', 0, 3, 0, 1, 1),
(880, '2013-06-10 11:46:12', 65, '3035307B2831B380E0241F43', '4100913688', '4', 0, 1, '1', '1', '0', '2013-06-10 11:46:12', 0, 2, 0, 1, 1),
(881, '2013-06-10 11:46:12', 59, '3035307B2831B380E035B683', '4103435930', '1', 0, 1, '1', '1', '0', '2013-06-10 11:46:12', 0, 2, 0, 1, 1),
(882, '2013-06-10 11:50:46', 30, '3035307B2831B380E035C0D3', '4100798039', '3', 1, 10, '1', '9', '0', '2013-06-10 11:50:46', 1, 1, 0, 1, 1),
(883, '2013-06-10 11:50:46', 27, '3035307B2831B380E035DC04', '4107784458', '1', 1, 10, '1', '9', '0', '2013-06-10 11:50:46', 1, 2, 0, 1, 1),
(884, '2013-06-10 11:46:12', 22, '3035307B2831B380E035B690', '4103435762', '1', 0, 1, '1', '1', '0', '2013-06-10 11:46:12', 0, 2, 0, 1, 1),
(885, '2013-06-10 12:11:26', 33, '3035307B2831B380E035B629', '4110006068', '5', 0, 100, '1', '1', '0', '2013-06-10 12:11:26', 0, 3, 0, 1, 1),
(886, '2013-06-10 11:49:07', 46, '3035307B2831B380E035B6CA', '4110127930', '1', 0, 100, '1', '1', '0', '2013-06-10 11:49:07', 0, 1, 0, 1, 1),
(887, '2013-06-10 12:11:26', 27, '3035307B2831B380E035DC04', '4107784458', '1', 1, 100, '1', '1', '0', '2013-06-10 12:11:26', 1, 2, 0, 1, 1),
(888, '2013-06-10 12:12:20', 46, '3035307B2831B380E035B6CA', '4110127930', '1', 0, 1, '3', '1', '0', '2013-06-10 12:12:20', 0, 1, 0, 1, 1),
(889, '2013-06-10 12:12:20', 27, '3035307B2831B380E035DC04', '4107784458', '1', 1, 1, '3', '1', '0', '2013-06-10 12:12:20', 1, 2, 0, 1, 1),
(890, '2013-06-10 12:12:20', 33, '3035307B2831B380E035B629', '4110006068', '5', 0, 1, '3', '1', '0', '2013-06-10 12:12:20', 0, 3, 0, 1, 1),
(891, '2013-06-10 12:14:11', 33, '3035307B2831B380E035B629', '4110006068', '5', 2, 10, '3', '9', '0', '2013-06-10 12:14:11', 2, 3, 0, 1, 1),
(892, '2013-06-10 12:14:11', 27, '3035307B2831B380E035DC04', '4107784458', '1', 3, 10, '3', '9', '0', '2013-06-10 12:14:11', 3, 2, 0, 1, 1),
(893, '2013-06-10 12:14:11', 46, '3035307B2831B380E035B6CA', '4110127930', '1', 2, 10, '3', '9', '0', '2013-06-10 12:14:11', 2, 1, 0, 1, 1),
(894, '2013-06-10 12:11:26', 28, '3035307B2831B380E035B6D5', '4110006070', '5', 0, 100, '1', '1', '0', '2013-06-10 12:11:26', 0, 3, 0, 1, 1),
(895, '2013-06-10 12:19:26', 33, '3035307B2831B380E035B629', '4110006068', '5', 0, 100, '1', '1', '0', '2013-06-10 12:19:26', 0, 3, 0, 1, 1),
(896, '2013-06-10 12:20:00', 33, '3035307B2831B380E035B629', '4110006068', '5', 0, 1, '3', '1', '0', '2013-06-10 12:20:00', 0, 3, 0, 1, 1),
(897, '2013-06-10 12:20:00', 28, '3035307B2831B380E035B6D5', '4110006070', '5', 0, 1, '3', '1', '0', '2013-06-10 12:20:00', 0, 3, 0, 1, 1),
(898, '2013-06-10 12:11:26', 22, '3035307B2831B380E035B690', '4103435762', '1', 0, 100, '1', '1', '0', '2013-06-10 12:11:26', 0, 2, 0, 1, 1),
(899, '2013-06-10 12:11:26', 24, '3035307B2831B380E035DBED', '4110007412', '5', 0, 100, '1', '1', '0', '2013-06-10 12:11:26', 0, 3, 0, 1, 1),
(900, '2013-06-10 12:19:26', 27, '3035307B2831B380E035DC04', '4107784458', '1', 1, 100, '1', '1', '0', '2013-06-10 12:19:26', 1, 2, 0, 1, 1),
(901, '2013-06-10 12:19:26', 46, '3035307B2831B380E035B6CA', '4110127930', '1', 0, 100, '1', '1', '0', '2013-06-10 12:19:26', 0, 1, 0, 1, 1),
(902, '2013-06-10 12:11:26', 59, '3035307B2831B380E035B683', '4103435930', '1', 0, 100, '1', '1', '0', '2013-06-10 12:11:26', 0, 2, 0, 1, 1),
(903, '2013-06-10 12:11:26', 89, '3035307B2831B380E035C0CD', '4111264572', '5', 4, 100, '1', '1', '0', '2013-06-10 12:11:26', 4, 3, 0, 1, 1),
(904, '2013-06-10 11:49:07', 50, '3035307B2831B380E035B6B7', '4110127257', '1', 0, 100, '1', '1', '0', '2013-06-10 11:49:07', 0, 1, 0, 1, 1),
(905, '2013-06-04 10:48:37', 5684, '3035307B2831B380E0241F1D', '33330004', '2', 0, 100, '206', '2', '0', '2013-06-04 10:48:37', 0, 1, 0, 1, 1),
(906, '2013-06-11 16:28:07', 5684, '3035307B2831B380E0241F1D', '33330004', '2', 0, 1, '2', '1', '0', '2013-06-11 16:28:07', 0, 1, 0, 1, 1),
(907, '2013-06-07 16:11:15', 5685, '3035307B2831B380E0241F39', '33330005', '2', 0, 1, '1', '1', '0', '2013-06-07 16:11:15', 0, 1, 0, 1, 1),
(908, '2013-06-10 12:11:26', 1, '3035307B2831B380E035C104', '4111232311', '0', 0, 100, '1', '1', '0', '2013-06-10 12:11:26', 0, 2, 0, 1, 1),
(909, '2013-06-05 17:48:03', 2, '3035307B2831B380E035B678', '4109518123', '1', 0, 100, '1', '1', '0', '2013-06-05 17:48:03', 0, 2, 0, 1, 1),
(910, '2013-06-05 17:48:02', 4, '3035307B2831B380E035DBFD', '4108147657', '2', 0, 100, '1', '1', '0', '2013-06-05 17:48:02', 0, 2, 0, 1, 1),
(911, '2013-06-05 17:48:03', 6, '3035307B2831B380E035DC08', '4110125913', '1', 0, 100, '1', '1', '0', '2013-06-05 17:48:03', 0, 1, 0, 1, 1),
(912, '2013-06-05 17:48:03', 7, '3035307B2831B380E035B640', '4111232479', '0', 0, 100, '1', '1', '0', '2013-06-05 17:48:03', 0, 2, 0, 1, 1),
(913, '2013-06-07 15:07:18', 11, '3035307B2831B380E035C0C2', '4100915535', '4', 0, 100, '1', '1', '0', '2013-06-07 15:07:18', 0, 2, 0, 1, 1),
(914, '2013-06-07 15:07:18', 12, '3035307B2831B380E035C0FE', '4110006742', '5', 0, 100, '1', '1', '0', '2013-06-07 15:07:18', 0, 3, 0, 1, 1),
(915, '2013-06-07 15:07:18', 14, '3035307B2831B380E035B698', '3034990800', '1', 0, 100, '1', '1', '0', '2013-06-07 15:07:18', 0, 2, 0, 1, 1),
(916, '2013-06-05 17:48:03', 16, '3035307B2831B380E035B664', '4111253624', '0', 0, 100, '1', '1', '0', '2013-06-05 17:48:03', 0, 2, 0, 1, 1),
(917, '2013-06-05 17:48:03', 17, '3035307B2831B380E035C0D5', '3034990796', '1', 0, 100, '1', '1', '0', '2013-06-05 17:48:03', 0, 2, 0, 1, 1),
(918, '2013-06-10 12:11:26', 30, '3035307B2831B380E035C0D3', '4100798039', '3', 1, 100, '1', '1', '0', '2013-06-10 12:11:26', 1, 1, 0, 1, 1),
(919, '2013-06-05 17:48:03', 31, '3035307B2831B380E035B687', '4100912932', '4', 0, 100, '1', '1', '0', '2013-06-05 17:48:03', 0, 2, 0, 1, 1),
(920, '2013-06-05 17:48:03', 34, '3035307B2831B380E035C0EA', '4108146310', '0', 0, 100, '1', '1', '0', '2013-06-05 17:48:03', 0, 1, 0, 1, 1),
(921, '2013-06-05 17:48:03', 35, '3035307B2831B380E035B67C', '4110128602', '1', 0, 100, '1', '1', '0', '2013-06-05 17:48:03', 0, 1, 0, 1, 1),
(922, '2013-06-05 17:48:03', 37, '3035307B2831B380E035C0EE', '4108146985', '2', 0, 100, '1', '1', '0', '2013-06-05 17:48:03', 0, 2, 0, 1, 1),
(923, '2013-06-05 17:48:03', 38, '3035307B2831B380E035C0C7', '4100912260', '4', 0, 100, '1', '1', '0', '2013-06-05 17:48:03', 0, 2, 0, 1, 1),
(924, '2013-06-05 17:48:03', 44, '3035307B2831B380E035B682', '4107373840', '3', 0, 100, '1', '1', '0', '2013-06-05 17:48:03', 0, 1, 0, 1, 1),
(925, '2013-06-05 17:48:03', 47, '3035307B2831B380E035B6B4', '3035409248', '3', 0, 100, '1', '1', '0', '2013-06-05 17:48:03', 0, 1, 0, 1, 1),
(926, '2013-06-05 18:01:03', 51, '3035307B2831B380E0242CBC', '4108149001', '2', 0, 100, '1', '1', '0', '2013-06-05 18:01:03', 0, 2, 0, 1, 1),
(927, '2013-06-05 17:48:02', 52, '3035307B2831B380E035B69F', '4111199887', '0', 0, 100, '1', '1', '0', '2013-06-05 17:48:02', 0, 2, 0, 1, 1),
(928, '2013-06-05 17:48:03', 55, '3035307B2831B380E035C0FB', '3023318967', '2', 0, 100, '1', '1', '0', '2013-06-05 17:48:03', 0, 1, 0, 1, 1),
(929, '2013-06-07 15:07:18', 56, '3035307B2831B380E0242CE2', '4100915451', '4', 0, 100, '1', '1', '0', '2013-06-07 15:07:18', 0, 2, 0, 1, 1),
(930, '2013-06-05 17:48:03', 60, '3035307B2831B380E035DC0F', '4111264072', '5', 0, 100, '1', '1', '0', '2013-06-05 17:48:03', 0, 3, 0, 1, 1),
(931, '2013-06-07 15:07:18', 61, '3035307B2831B380E035C0C0', '4110008420', '5', 0, 100, '1', '1', '0', '2013-06-07 15:07:18', 0, 3, 0, 1, 1),
(932, '2013-06-10 12:11:26', 65, '3035307B2831B380E0241F43', '4100913688', '4', 0, 100, '1', '1', '0', '2013-06-10 12:11:26', 0, 2, 0, 1, 1),
(933, '2013-06-05 17:48:03', 66, '3035307B2831B380E0242CAE', '4108146649', '2', 0, 100, '1', '1', '0', '2013-06-05 17:48:03', 0, 2, 0, 1, 1),
(934, '2013-06-05 17:48:03', 67, '3035307B2831B380E035B6CD', '4110006404', '5', 0, 100, '1', '1', '0', '2013-06-05 17:48:03', 0, 3, 0, 1, 1),
(935, '2013-06-05 17:48:03', 71, '3035307B2831B380E035C0E2', '4103435594', '1', 0, 100, '1', '1', '0', '2013-06-05 17:48:03', 0, 2, 0, 1, 1),
(936, '2013-06-05 17:48:03', 74, '3035307B2831B380E035B6A8', '4111231639', '0', 0, 100, '1', '1', '0', '2013-06-05 17:48:03', 0, 2, 0, 1, 1),
(937, '2013-06-05 17:48:03', 75, '3035307B2831B380E035B68D', '4111263899', '5', 0, 100, '1', '1', '0', '2013-06-05 17:48:03', 0, 3, 0, 1, 1),
(938, '2013-06-05 17:48:02', 78, '3035307B2831B380E035B68F', '4111265748', '5', 0, 100, '1', '1', '0', '2013-06-05 17:48:02', 0, 3, 0, 1, 1),
(939, '2013-06-05 17:48:03', 80, '3035307B2831B380E035B6BD', '3028626019', '2', 0, 100, '1', '1', '0', '2013-06-05 17:48:03', 0, 2, 0, 1, 1),
(940, '2013-06-05 17:48:03', 86, '3035307B2831B380E035B69B', '4110008426', '5', 0, 100, '1', '1', '0', '2013-06-05 17:48:03', 0, 3, 0, 1, 1),
(941, '2013-06-05 18:04:39', 88, '3035307B2831B380E035B6D4', '4111264236', '5', 0, 100, '1', '1', '0', '2013-06-05 18:04:39', 0, 3, 0, 1, 1),
(942, '2013-06-05 17:48:03', 93, '3035307B2831B380E035B65B', '4110008756', '5', 0, 100, '1', '1', '0', '2013-06-05 17:48:03', 0, 3, 0, 1, 1),
(943, '2013-06-05 17:48:03', 94, '3035307B2831B380E035DBFB', '4110009098', '5', 0, 100, '1', '1', '0', '2013-06-05 17:48:03', 0, 3, 0, 1, 1),
(944, '2013-05-30 16:27:44', 5689, '3035307B2831B380E035C117', '33330009', '5', 0, 100, '206', '2', '0', '2013-05-30 16:27:44', 0, 1, 0, 1, 1),
(945, '2013-05-30 16:27:44', 5690, '3035307B2831B380E035C0BB', '33330010', '6', 0, 100, '206', '2', '0', '2013-05-30 16:27:44', 0, 1, 0, 1, 1),
(946, '2013-05-30 16:27:44', 5696, '3035307B2831B380E035DBB3', '33330017', '3', 0, 100, '206', '2', '0', '2013-05-30 16:27:44', 0, 2, 0, 1, 1),
(947, '2013-05-30 16:27:44', 5698, '3035307B2831B380E035B660', '33330019', '5', 0, 100, '206', '2', '0', '2013-05-30 16:27:44', 0, 2, 0, 1, 1),
(948, '2013-05-30 16:27:44', 5699, '3035307B2831B380E035C10D', '33330020', '6', 0, 100, '206', '2', '0', '2013-05-30 16:27:44', 0, 2, 0, 1, 1),
(949, '2013-06-11 16:28:34', 5684, '3035307B2831B380E0241F1D', '33330004', '2', 1, 10, '2', '9', '0', '2013-06-11 16:28:34', 1, 1, 0, 1, 1),
(950, '2013-06-11 16:28:34', 5685, '3035307B2831B380E0241F39', '33330005', '2', 1, 10, '1', '9', '0', '2013-06-11 16:28:34', 1, 1, 0, 1, 1),
(951, '2013-06-10 11:49:07', 23, '3035307B2831B380E035B6D0', '3035332705', '3', 0, 100, '1', '1', '0', '2013-06-10 11:49:07', 0, 1, 0, 1, 1),
(952, '2013-05-30 16:27:44', 5681, '3035307B2831B380E035C0E3', '33330001', '1', 0, 100, '206', '2', '0', '2013-05-30 16:27:44', 0, 1, 0, 1, 1),
(953, '2013-05-30 16:27:44', 5682, '3035307B2831B380E035DBF3', '33330002', '1', 0, 100, '206', '2', '0', '2013-05-30 16:27:44', 0, 1, 0, 1, 1),
(954, '2013-05-30 16:27:44', 5683, '3035307B2831B380E035B663', '33330003', '2', 0, 100, '206', '2', '0', '2013-05-30 16:27:44', 0, 1, 0, 1, 1),
(955, '2013-06-11 16:37:38', 5684, '3035307B2831B380E0241F1D', '33330004', '2', 1, 100, '1', '1', '0', '2013-06-11 16:37:38', 1, 1, 0, 1, 1),
(956, '2013-06-11 16:37:38', 5685, '3035307B2831B380E0241F39', '33330005', '2', 1, 100, '1', '1', '0', '2013-06-11 16:37:38', 1, 1, 0, 1, 1),
(957, '2013-06-04 09:56:33', 5686, '3035307B2831B380E035C0C8', '33330006', '2', 0, 100, '206', '2', '0', '2013-06-04 09:56:33', 0, 1, 0, 1, 1),
(958, '2013-06-04 11:13:38', 5687, '3035307B2831B380E035B65F', '33330007', '3', 0, 100, '206', '2', '0', '2013-06-04 11:13:38', 0, 1, 0, 1, 1),
(959, '2013-05-30 16:27:44', 5688, '3035307B2831B380E0242CB8', '33330008', '4', 0, 100, '206', '2', '0', '2013-05-30 16:27:44', 0, 1, 0, 1, 1),
(960, '2013-06-05 15:05:23', 5691, '3035307B2831B380E035C107', '33330012', '1', 0, 100, '206', '2', '0', '2013-06-05 15:05:23', 0, 2, 0, 1, 1),
(961, '2013-06-07 11:43:45', 5692, '3035307B2831B380E035C0E9', '33330013', '2', 0, 100, '206', '2', '0', '2013-06-07 11:43:45', 0, 2, 0, 1, 1),
(962, '2013-06-07 12:10:22', 5693, '3035307B2831B380E035B6D8', '33330014', '2', 0, 100, '206', '2', '0', '2013-06-07 12:10:22', 0, 2, 0, 1, 1);
INSERT INTO `log_epc` (`Id`, `Date_Creation`, `Epc_Id`, `Tag`, `Code_Barre`, `Taille`, `Cycle_Lavage_Count`, `State`, `Last_User`, `Last_Reader`, `Last_Action`, `Last_Action_Date`, `Movement`, `Article_Type_ID`, `Case_ID`, `Armoire_ID`, `Synchronised`) VALUES
(963, '2013-06-05 15:09:58', 5694, '3035307B2831B380E035B69E', '33330015', '2', 0, 100, '206', '2', '0', '2013-06-05 15:09:58', 0, 2, 0, 1, 1),
(964, '2013-06-05 09:46:39', 5695, '3035307B2831B380E0360AF3', '33330016', '2', 0, 100, '206', '2', '0', '2013-06-05 09:46:39', 0, 2, 0, 1, 1),
(965, '2013-05-30 16:27:44', 5697, '3035307B2831B380E035B64B', '33330018', '4', 0, 100, '206', '2', '0', '2013-05-30 16:27:44', 0, 2, 0, 1, 1),
(966, '2013-06-04 10:48:37', 5700, '3035307B2831B380E0360AB1', '33330011', '1', 0, 100, '206', '2', '0', '2013-06-04 10:48:37', 0, 2, 0, 1, 1),
(967, '2013-06-11 16:58:55', 5684, '3035307B2831B380E0241F1D', '33330004', '2', 1, 1, '1', '1', '0', '2013-06-11 16:58:55', 1, 1, 0, 1, 1),
(968, '2013-06-11 16:58:55', 5685, '3035307B2831B380E0241F39', '33330005', '2', 1, 1, '1', '1', '0', '2013-06-11 16:58:55', 1, 1, 0, 1, 1),
(969, '2013-06-11 16:58:55', 5694, '3035307B2831B380E035B69E', '33330015', '2', 0, 1, '1', '1', '0', '2013-06-11 16:58:55', 0, 2, 0, 1, 1),
(970, '2013-06-11 16:58:55', 5681, '3035307B2831B380E035C0E3', '33330001', '1', 0, 1, '1', '1', '0', '2013-06-11 16:58:55', 0, 1, 0, 1, 1),
(971, '2013-06-11 16:58:55', 5688, '3035307B2831B380E0242CB8', '33330008', '4', 0, 1, '1', '1', '0', '2013-06-11 16:58:55', 0, 1, 0, 1, 1),
(972, '2013-06-11 16:58:55', 5691, '3035307B2831B380E035C107', '33330012', '1', 0, 1, '1', '1', '0', '2013-06-11 16:58:55', 0, 2, 0, 1, 1),
(973, '2013-06-11 16:58:55', 5682, '3035307B2831B380E035DBF3', '33330002', '1', 0, 1, '1', '1', '0', '2013-06-11 16:58:55', 0, 1, 0, 1, 1),
(974, '2013-06-11 16:58:55', 5692, '3035307B2831B380E035C0E9', '33330013', '2', 0, 1, '1', '1', '0', '2013-06-11 16:58:55', 0, 2, 0, 1, 1),
(975, '2013-06-11 16:58:55', 5700, '3035307B2831B380E0360AB1', '33330011', '1', 0, 1, '1', '1', '0', '2013-06-11 16:58:55', 0, 2, 0, 1, 1),
(976, '2013-06-11 16:58:55', 5683, '3035307B2831B380E035B663', '33330003', '2', 0, 1, '1', '1', '0', '2013-06-11 16:58:55', 0, 1, 0, 1, 1),
(977, '2013-06-11 16:58:55', 5686, '3035307B2831B380E035C0C8', '33330006', '2', 0, 1, '1', '1', '0', '2013-06-11 16:58:55', 0, 1, 0, 1, 1),
(978, '2013-06-11 16:58:55', 23, '3035307B2831B380E035B6D0', '3035332705', '3', 0, 1, '1', '1', '0', '2013-06-11 16:58:55', 0, 1, 0, 1, 1),
(979, '2013-06-11 16:58:55', 5693, '3035307B2831B380E035B6D8', '33330014', '2', 0, 1, '1', '1', '0', '2013-06-11 16:58:55', 0, 2, 0, 1, 1),
(980, '2013-06-11 16:58:55', 5695, '3035307B2831B380E0360AF3', '33330016', '2', 0, 1, '1', '1', '0', '2013-06-11 16:58:55', 0, 2, 0, 1, 1),
(981, '2013-06-11 16:58:55', 5697, '3035307B2831B380E035B64B', '33330018', '4', 0, 1, '1', '1', '0', '2013-06-11 16:58:55', 0, 2, 0, 1, 1),
(982, '2013-06-11 16:58:55', 5687, '3035307B2831B380E035B65F', '33330007', '3', 0, 1, '1', '1', '0', '2013-06-11 16:58:55', 0, 1, 0, 1, 1),
(983, '2013-06-11 16:37:38', 61, '3035307B2831B380E035C0C0', '4110008420', '5', 0, 1, '1', '1', '0', '2013-06-11 16:37:38', 0, 3, 0, 1, 1),
(984, '2013-06-11 16:37:38', 75, '3035307B2831B380E035B68D', '4111263899', '5', 0, 1, '1', '1', '0', '2013-06-11 16:37:38', 0, 3, 0, 1, 1),
(985, '2013-06-11 16:37:38', 12, '3035307B2831B380E035C0FE', '4110006742', '5', 0, 1, '1', '1', '0', '2013-06-11 16:37:38', 0, 3, 0, 1, 1),
(986, '2013-06-11 16:37:38', 60, '3035307B2831B380E035DC0F', '4111264072', '5', 0, 1, '1', '1', '0', '2013-06-11 16:37:38', 0, 3, 0, 1, 1),
(987, '2013-06-11 16:37:38', 67, '3035307B2831B380E035B6CD', '4110006404', '5', 0, 1, '1', '1', '0', '2013-06-11 16:37:38', 0, 3, 0, 1, 1),
(988, '2013-06-11 16:37:38', 78, '3035307B2831B380E035B68F', '4111265748', '5', 0, 1, '1', '1', '0', '2013-06-11 16:37:38', 0, 3, 0, 1, 1),
(989, '2013-06-11 16:37:38', 88, '3035307B2831B380E035B6D4', '4111264236', '5', 0, 1, '1', '1', '0', '2013-06-11 16:37:38', 0, 3, 0, 1, 1),
(990, '2013-06-11 16:37:38', 86, '3035307B2831B380E035B69B', '4110008426', '5', 0, 1, '1', '1', '0', '2013-06-11 16:37:38', 0, 3, 0, 1, 1),
(991, '2013-06-11 17:00:50', 5691, '3035307B2831B380E035C107', '33330012', '1', 0, 100, '1', '1', '0', '2013-06-11 17:00:50', 0, 2, 0, 1, 1),
(992, '2013-06-11 17:00:50', 5700, '3035307B2831B380E0360AB1', '33330011', '1', 0, 100, '1', '1', '0', '2013-06-11 17:00:50', 0, 2, 0, 1, 1),
(993, '2013-06-11 17:00:50', 5692, '3035307B2831B380E035C0E9', '33330013', '2', 0, 100, '1', '1', '0', '2013-06-11 17:00:50', 0, 2, 0, 1, 1),
(994, '2013-06-11 17:00:50', 5693, '3035307B2831B380E035B6D8', '33330014', '2', 0, 100, '1', '1', '0', '2013-06-11 17:00:50', 0, 2, 0, 1, 1),
(995, '2013-06-11 17:00:50', 5694, '3035307B2831B380E035B69E', '33330015', '2', 0, 100, '1', '1', '0', '2013-06-11 17:00:50', 0, 2, 0, 1, 1),
(996, '2013-06-11 17:00:50', 5695, '3035307B2831B380E0360AF3', '33330016', '2', 0, 100, '1', '1', '0', '2013-06-11 17:00:50', 0, 2, 0, 1, 1),
(997, '2013-06-11 17:00:50', 5697, '3035307B2831B380E035B64B', '33330018', '4', 0, 100, '1', '1', '0', '2013-06-11 17:00:50', 0, 2, 0, 1, 1),
(998, '2013-06-11 17:41:04', 12, '3035307B2831B380E035C0FE', '4110006742', '5', 0, 100, '1', '1', '0', '2013-06-11 17:41:04', 0, 3, 0, 1, 1),
(999, '2013-06-11 17:41:04', 60, '3035307B2831B380E035DC0F', '4111264072', '5', 0, 100, '1', '1', '0', '2013-06-11 17:41:04', 0, 3, 0, 1, 1),
(1000, '2013-06-11 17:41:04', 61, '3035307B2831B380E035C0C0', '4110008420', '5', 0, 100, '1', '1', '0', '2013-06-11 17:41:04', 0, 3, 0, 1, 1),
(1001, '2013-06-11 17:41:04', 67, '3035307B2831B380E035B6CD', '4110006404', '5', 0, 100, '1', '1', '0', '2013-06-11 17:41:04', 0, 3, 0, 1, 1),
(1002, '2013-06-11 17:41:04', 75, '3035307B2831B380E035B68D', '4111263899', '5', 0, 100, '1', '1', '0', '2013-06-11 17:41:04', 0, 3, 0, 1, 1),
(1003, '2013-06-11 17:41:04', 78, '3035307B2831B380E035B68F', '4111265748', '5', 0, 100, '1', '1', '0', '2013-06-11 17:41:04', 0, 3, 0, 1, 1),
(1004, '2013-06-11 17:41:04', 86, '3035307B2831B380E035B69B', '4110008426', '5', 0, 100, '1', '1', '0', '2013-06-11 17:41:04', 0, 3, 0, 1, 1),
(1005, '2013-06-11 17:41:04', 88, '3035307B2831B380E035B6D4', '4111264236', '5', 0, 100, '1', '1', '0', '2013-06-11 17:41:04', 0, 3, 0, 1, 1),
(1006, '2013-06-11 17:44:08', 5693, '3035307B2831B380E035B6D8', '33330014', '2', 0, 1, '1', '1', '0', '2013-06-11 17:44:08', 0, 2, 0, 1, 1),
(1007, '2013-06-11 17:44:08', 5694, '3035307B2831B380E035B69E', '33330015', '2', 0, 1, '1', '1', '0', '2013-06-11 17:44:08', 0, 2, 0, 1, 1),
(1008, '2013-06-11 17:43:09', 5691, '3035307B2831B380E035C107', '33330012', '1', 0, 1, '1', '1', '0', '2013-06-11 17:43:09', 0, 2, 0, 1, 1),
(1009, '2013-06-11 17:44:08', 5695, '3035307B2831B380E0360AF3', '33330016', '2', 0, 1, '1', '1', '0', '2013-06-11 17:44:08', 0, 2, 0, 1, 1),
(1010, '2013-06-11 17:44:08', 5697, '3035307B2831B380E035B64B', '33330018', '4', 0, 1, '1', '1', '0', '2013-06-11 17:44:08', 0, 2, 0, 1, 1),
(1011, '2013-06-11 17:44:08', 5692, '3035307B2831B380E035C0E9', '33330013', '2', 0, 1, '1', '1', '0', '2013-06-11 17:44:08', 0, 2, 0, 1, 1),
(1012, '2013-06-11 17:43:09', 5700, '3035307B2831B380E0360AB1', '33330011', '1', 0, 1, '1', '1', '0', '2013-06-11 17:43:09', 0, 2, 0, 1, 1),
(1013, '2013-06-11 17:45:36', 67, '3035307B2831B380E035B6CD', '4110006404', '5', 0, 1, '1', '1', '0', '2013-06-11 17:45:36', 0, 3, 0, 1, 1),
(1014, '2013-06-11 17:45:36', 75, '3035307B2831B380E035B68D', '4111263899', '5', 0, 1, '1', '1', '0', '2013-06-11 17:45:36', 0, 3, 0, 1, 1),
(1015, '2013-06-11 17:45:36', 12, '3035307B2831B380E035C0FE', '4110006742', '5', 0, 1, '1', '1', '0', '2013-06-11 17:45:36', 0, 3, 0, 1, 1),
(1016, '2013-06-11 17:45:36', 61, '3035307B2831B380E035C0C0', '4110008420', '5', 0, 1, '1', '1', '0', '2013-06-11 17:45:36', 0, 3, 0, 1, 1),
(1017, '2013-06-11 17:45:36', 88, '3035307B2831B380E035B6D4', '4111264236', '5', 0, 1, '1', '1', '0', '2013-06-11 17:45:36', 0, 3, 0, 1, 1),
(1018, '2013-06-11 17:45:36', 86, '3035307B2831B380E035B69B', '4110008426', '5', 0, 1, '1', '1', '0', '2013-06-11 17:45:36', 0, 3, 0, 1, 1),
(1019, '2013-06-11 17:45:36', 60, '3035307B2831B380E035DC0F', '4111264072', '5', 0, 1, '1', '1', '0', '2013-06-11 17:45:36', 0, 3, 0, 1, 1),
(1020, '2013-06-11 17:45:36', 78, '3035307B2831B380E035B68F', '4111265748', '5', 0, 1, '1', '1', '0', '2013-06-11 17:45:36', 0, 3, 0, 1, 1),
(1021, '2013-06-11 17:47:11', 12, '3035307B2831B380E035C0FE', '4110006742', '5', 0, 100, '1', '1', '0', '2013-06-11 17:47:11', 0, 3, 0, 1, 1),
(1022, '2013-06-11 17:47:11', 75, '3035307B2831B380E035B68D', '4111263899', '5', 0, 100, '1', '1', '0', '2013-06-11 17:47:11', 0, 3, 0, 1, 1),
(1023, '2013-06-11 17:47:11', 61, '3035307B2831B380E035C0C0', '4110008420', '5', 0, 100, '1', '1', '0', '2013-06-11 17:47:11', 0, 3, 0, 1, 1),
(1024, '2013-06-11 17:55:50', 75, '3035307B2831B380E035B68D', '4111263899', '5', 0, 1, '2', '1', '0', '2013-06-11 17:55:50', 0, 3, 0, 1, 1),
(1025, '2013-06-11 18:02:34', 61, '3035307B2831B380E035C0C0', '4110008420', '5', 0, 1, '2', '1', '0', '2013-06-11 18:02:34', 0, 3, 0, 1, 1),
(1026, '2013-06-11 17:52:49', 12, '3035307B2831B380E035C0FE', '4110006742', '5', 0, 1, '2', '1', '0', '2013-06-11 17:52:49', 0, 3, 0, 1, 1),
(1027, '2013-06-11 18:09:52', 75, '3035307B2831B380E035B68D', '4111263899', '5', 1, 10, '2', '9', '0', '2013-06-11 18:09:52', 1, 3, 0, 1, 1),
(1028, '2013-06-11 18:09:52', 12, '3035307B2831B380E035C0FE', '4110006742', '5', 1, 10, '2', '9', '0', '2013-06-11 18:09:52', 1, 3, 0, 1, 1),
(1029, '2013-06-11 18:09:52', 61, '3035307B2831B380E035C0C0', '4110008420', '5', 1, 10, '2', '9', '0', '2013-06-11 18:09:52', 1, 3, 0, 1, 1),
(1030, '2013-06-11 17:47:11', 78, '3035307B2831B380E035B68F', '4111265748', '5', 0, 100, '1', '1', '0', '2013-06-11 17:47:11', 0, 3, 0, 1, 1),
(1031, '2013-06-11 17:47:11', 86, '3035307B2831B380E035B69B', '4110008426', '5', 0, 100, '1', '1', '0', '2013-06-11 17:47:11', 0, 3, 0, 1, 1),
(1032, '2013-06-11 17:47:11', 88, '3035307B2831B380E035B6D4', '4111264236', '5', 0, 100, '1', '1', '0', '2013-06-11 17:47:11', 0, 3, 0, 1, 1),
(1033, '2013-06-11 17:00:50', 5683, '3035307B2831B380E035B663', '33330003', '2', 0, 100, '1', '1', '0', '2013-06-11 17:00:50', 0, 1, 0, 1, 1),
(1034, '2013-06-11 17:00:50', 5684, '3035307B2831B380E0241F1D', '33330004', '2', 1, 100, '1', '1', '0', '2013-06-11 17:00:50', 1, 1, 0, 1, 1),
(1035, '2013-06-11 17:00:50', 5685, '3035307B2831B380E0241F39', '33330005', '2', 1, 100, '1', '1', '0', '2013-06-11 17:00:50', 1, 1, 0, 1, 1),
(1036, '2013-06-11 18:40:26', 5685, '3035307B2831B380E0241F39', '33330005', '2', 1, 1, '2', '1', '0', '2013-06-11 18:40:26', 1, 1, 0, 1, 1),
(1037, '2013-06-11 18:16:30', 88, '3035307B2831B380E035B6D4', '4111264236', '5', 0, 1, '2', '1', '0', '2013-06-11 18:16:30', 0, 3, 0, 1, 1),
(1038, '2013-06-11 18:16:30', 78, '3035307B2831B380E035B68F', '4111265748', '5', 0, 1, '2', '1', '0', '2013-06-11 18:16:30', 0, 3, 0, 1, 1),
(1039, '2013-06-11 18:40:26', 5684, '3035307B2831B380E0241F1D', '33330004', '2', 1, 1, '2', '1', '0', '2013-06-11 18:40:26', 1, 1, 0, 1, 1),
(1040, '2013-06-11 18:16:30', 86, '3035307B2831B380E035B69B', '4110008426', '5', 0, 1, '2', '1', '0', '2013-06-11 18:16:30', 0, 3, 0, 1, 1),
(1041, '2013-06-11 18:40:26', 5683, '3035307B2831B380E035B663', '33330003', '2', 0, 1, '2', '1', '0', '2013-06-11 18:40:26', 0, 1, 0, 1, 1),
(1042, '2013-06-12 10:50:19', 5685, '3035307B2831B380E0241F39', '33330005', '2', 2, 10, '2', '9', '0', '2013-06-12 10:50:19', 2, 1, 0, 1, 1),
(1043, '2013-06-12 10:50:19', 5683, '3035307B2831B380E035B663', '33330003', '2', 1, 10, '2', '9', '0', '2013-06-12 10:50:19', 1, 1, 0, 1, 1),
(1044, '2013-06-12 10:50:19', 88, '3035307B2831B380E035B6D4', '4111264236', '5', 1, 10, '2', '9', '0', '2013-06-12 10:50:19', 1, 3, 0, 1, 1),
(1045, '2013-06-12 10:50:19', 78, '3035307B2831B380E035B68F', '4111265748', '5', 1, 10, '2', '9', '0', '2013-06-12 10:50:19', 1, 3, 0, 1, 1),
(1046, '2013-06-12 10:50:19', 86, '3035307B2831B380E035B69B', '4110008426', '5', 1, 10, '2', '9', '0', '2013-06-12 10:50:19', 1, 3, 0, 1, 1),
(1047, '2013-06-12 10:50:19', 5684, '3035307B2831B380E0241F1D', '33330004', '2', 2, 10, '2', '9', '0', '2013-06-12 10:50:19', 2, 1, 0, 1, 1),
(1048, '2013-06-11 18:14:09', 12, '3035307B2831B380E035C0FE', '4110006742', '5', 1, 100, '1', '1', '0', '2013-06-11 18:14:09', 1, 3, 0, 1, 1),
(1049, '2013-06-11 18:14:09', 61, '3035307B2831B380E035C0C0', '4110008420', '5', 1, 100, '1', '1', '0', '2013-06-11 18:14:09', 1, 3, 0, 1, 1),
(1050, '2013-06-11 18:14:09', 75, '3035307B2831B380E035B68D', '4111263899', '5', 1, 100, '1', '1', '0', '2013-06-11 18:14:09', 1, 3, 0, 1, 1),
(1051, '2013-06-12 11:01:44', 78, '3035307B2831B380E035B68F', '4111265748', '5', 1, 100, '1', '1', '0', '2013-06-12 11:01:44', 1, 3, 0, 1, 1),
(1052, '2013-06-12 11:01:44', 86, '3035307B2831B380E035B69B', '4110008426', '5', 1, 100, '1', '1', '0', '2013-06-12 11:01:44', 1, 3, 0, 1, 1),
(1053, '2013-06-12 11:01:44', 88, '3035307B2831B380E035B6D4', '4111264236', '5', 1, 100, '1', '1', '0', '2013-06-12 11:01:44', 1, 3, 0, 1, 1),
(1054, '2013-06-11 17:47:11', 60, '3035307B2831B380E035DC0F', '4111264072', '5', 0, 100, '1', '1', '0', '2013-06-11 17:47:11', 0, 3, 0, 1, 1),
(1055, '2013-06-11 17:45:36', 5691, '3035307B2831B380E035C107', '33330012', '1', 0, 100, '1', '1', '0', '2013-06-11 17:45:36', 0, 2, 0, 1, 1),
(1056, '2013-06-11 17:45:36', 5697, '3035307B2831B380E035B64B', '33330018', '4', 0, 100, '1', '1', '0', '2013-06-11 17:45:36', 0, 2, 0, 1, 1),
(1057, '2013-06-12 11:09:48', 60, '3035307B2831B380E035DC0F', '4111264072', '5', 0, 1, '2', '1', '0', '2013-06-12 11:09:48', 0, 3, 0, 1, 1),
(1058, '2013-06-12 11:21:12', 5691, '3035307B2831B380E035C107', '33330012', '1', 0, 1, '6', '1', '0', '2013-06-12 11:21:12', 0, 2, 0, 1, 1),
(1059, '2013-06-12 11:22:35', 5697, '3035307B2831B380E035B64B', '33330018', '4', 0, 1, '6', '1', '0', '2013-06-12 11:22:35', 0, 2, 0, 1, 1),
(1060, '2013-06-12 11:08:36', 86, '3035307B2831B380E035B69B', '4110008426', '5', 1, 1, '1', '1', '0', '2013-06-12 11:08:36', 1, 3, 0, 1, 1),
(1061, '2013-06-12 11:08:36', 75, '3035307B2831B380E035B68D', '4111263899', '5', 1, 1, '1', '1', '0', '2013-06-12 11:08:36', 1, 3, 0, 1, 1),
(1062, '2013-06-12 11:28:00', 5691, '3035307B2831B380E035C107', '33330012', '1', 2, 10, '6', '9', '0', '2013-06-12 11:28:00', 2, 2, 0, 1, 1),
(1063, '2013-06-12 11:28:00', 5697, '3035307B2831B380E035B64B', '33330018', '4', 2, 10, '6', '9', '0', '2013-06-12 11:28:00', 2, 2, 0, 1, 1),
(1064, '2013-06-12 11:28:00', 60, '3035307B2831B380E035DC0F', '4111264072', '5', 2, 10, '2', '9', '0', '2013-06-12 11:28:00', 2, 3, 0, 1, 1),
(1065, '2013-06-12 11:08:36', 61, '3035307B2831B380E035C0C0', '4110008420', '5', 1, 1, '1', '1', '0', '2013-06-12 11:08:36', 1, 3, 0, 1, 1),
(1066, '2013-06-12 11:08:36', 12, '3035307B2831B380E035C0FE', '4110006742', '5', 1, 1, '1', '1', '0', '2013-06-12 11:08:36', 1, 3, 0, 1, 1),
(1067, '2013-06-12 11:08:36', 78, '3035307B2831B380E035B68F', '4111265748', '5', 1, 1, '1', '1', '0', '2013-06-12 11:08:36', 1, 3, 0, 1, 1),
(1068, '2013-06-12 11:08:36', 88, '3035307B2831B380E035B6D4', '4111264236', '5', 1, 1, '1', '1', '0', '2013-06-12 11:08:36', 1, 3, 0, 1, 1),
(1069, '2013-06-12 11:29:53', 60, '3035307B2831B380E035DC0F', '4111264072', '5', 2, 100, '1', '1', '0', '2013-06-12 11:29:53', 2, 3, 0, 1, 1),
(1070, '2013-06-12 11:29:53', 5697, '3035307B2831B380E035B64B', '33330018', '4', 2, 100, '1', '1', '0', '2013-06-12 11:29:53', 2, 2, 0, 1, 1),
(1071, '2013-06-12 11:30:38', 5697, '3035307B2831B380E035B64B', '33330018', '4', 2, 1, '6', '1', '0', '2013-06-12 11:30:38', 2, 2, 0, 1, 1),
(1072, '2013-06-12 11:30:38', 60, '3035307B2831B380E035DC0F', '4111264072', '5', 2, 1, '6', '1', '0', '2013-06-12 11:30:38', 2, 3, 0, 1, 1),
(1073, '2013-06-12 11:29:53', 12, '3035307B2831B380E035C0FE', '4110006742', '5', 1, 100, '1', '1', '0', '2013-06-12 11:29:53', 1, 3, 0, 1, 1),
(1074, '2013-06-12 11:29:53', 75, '3035307B2831B380E035B68D', '4111263899', '5', 1, 100, '1', '1', '0', '2013-06-12 11:29:53', 1, 3, 0, 1, 1),
(1075, '2013-06-12 11:33:38', 12, '3035307B2831B380E035C0FE', '4110006742', '5', 1, 1, '6', '1', '0', '2013-06-12 11:33:38', 1, 3, 0, 1, 1),
(1076, '2013-06-12 11:29:53', 61, '3035307B2831B380E035C0C0', '4110008420', '5', 1, 100, '1', '1', '0', '2013-06-12 11:29:53', 1, 3, 0, 1, 1),
(1077, '2013-06-12 11:29:53', 86, '3035307B2831B380E035B69B', '4110008426', '5', 1, 100, '1', '1', '0', '2013-06-12 11:29:53', 1, 3, 0, 1, 1),
(1078, '2013-06-12 11:33:38', 75, '3035307B2831B380E035B68D', '4111263899', '5', 1, 1, '6', '1', '0', '2013-06-12 11:33:38', 1, 3, 0, 1, 1),
(1079, '2013-06-12 11:41:42', 61, '3035307B2831B380E035C0C0', '4110008420', '5', 1, 1, '2', '1', '0', '2013-06-12 11:41:42', 1, 3, 0, 1, 1),
(1080, '2013-06-12 11:41:42', 86, '3035307B2831B380E035B69B', '4110008426', '5', 1, 1, '2', '1', '0', '2013-06-12 11:41:42', 1, 3, 0, 1, 1),
(1081, '2013-06-12 11:29:53', 78, '3035307B2831B380E035B68F', '4111265748', '5', 1, 100, '1', '1', '0', '2013-06-12 11:29:53', 1, 3, 0, 1, 1),
(1082, '2013-06-12 11:29:53', 88, '3035307B2831B380E035B6D4', '4111264236', '5', 1, 100, '1', '1', '0', '2013-06-12 11:29:53', 1, 3, 0, 1, 1),
(1083, '2013-06-12 11:43:54', 86, '3035307B2831B380E035B69B', '4110008426', '5', 2, 10, '2', '9', '0', '2013-06-12 11:43:54', 2, 3, 0, 1, 1),
(1084, '2013-06-12 11:43:54', 75, '3035307B2831B380E035B68D', '4111263899', '5', 2, 10, '6', '9', '0', '2013-06-12 11:43:54', 2, 3, 0, 1, 1),
(1085, '2013-06-12 11:43:54', 12, '3035307B2831B380E035C0FE', '4110006742', '5', 3, 10, '6', '9', '0', '2013-06-12 11:43:54', 3, 3, 0, 1, 1),
(1086, '2013-06-12 11:43:54', 5697, '3035307B2831B380E035B64B', '33330018', '4', 5, 10, '6', '9', '0', '2013-06-12 11:43:54', 5, 2, 0, 1, 1),
(1087, '2013-06-12 11:43:54', 60, '3035307B2831B380E035DC0F', '4111264072', '5', 4, 10, '6', '9', '0', '2013-06-12 11:43:54', 4, 3, 0, 1, 1),
(1088, '2013-06-12 11:43:54', 61, '3035307B2831B380E035C0C0', '4110008420', '5', 2, 10, '2', '9', '0', '2013-06-12 11:43:54', 2, 3, 0, 1, 1),
(1089, '2013-06-12 11:48:48', 88, '3035307B2831B380E035B6D4', '4111264236', '5', 1, 1, '7', '1', '0', '2013-06-12 11:48:48', 1, 3, 0, 1, 1),
(1090, '2013-06-12 11:49:52', 88, '3035307B2831B380E035B6D4', '4111264236', '5', 1, 2, '7', '1', '0', '2013-06-12 11:49:52', 1, 3, 0, 1, 1),
(1091, '2013-06-12 11:48:48', 78, '3035307B2831B380E035B68F', '4111265748', '5', 1, 1, '7', '1', '0', '2013-06-12 11:48:48', 1, 3, 0, 1, 1),
(1092, '2013-06-12 11:54:49', 78, '3035307B2831B380E035B68F', '4111265748', '5', 2, 10, '7', '9', '0', '2013-06-12 11:54:49', 2, 3, 0, 1, 1),
(1093, '2013-06-12 11:54:49', 88, '3035307B2831B380E035B6D4', '4111264236', '5', 3, 10, '7', '9', '0', '2013-06-12 11:54:49', 3, 3, 0, 1, 1),
(1094, '2013-06-12 11:55:39', 78, '3035307B2831B380E035B68F', '4111265748', '5', 2, 100, '1', '1', '0', '2013-06-12 11:55:39', 2, 3, 0, 1, 1),
(1095, '2013-06-12 11:55:39', 88, '3035307B2831B380E035B6D4', '4111264236', '5', 3, 100, '1', '1', '0', '2013-06-12 11:55:39', 3, 3, 0, 1, 1),
(1096, '2013-06-12 11:56:07', 88, '3035307B2831B380E035B6D4', '4111264236', '5', 3, 1, '7', '1', '0', '2013-06-12 11:56:07', 3, 3, 0, 1, 1),
(1097, '2013-06-12 11:56:07', 78, '3035307B2831B380E035B68F', '4111265748', '5', 2, 1, '7', '1', '0', '2013-06-12 11:56:07', 2, 3, 0, 1, 1),
(1098, '2013-06-12 11:49:45', 12, '3035307B2831B380E035C0FE', '4110006742', '5', 3, 100, '1', '1', '0', '2013-06-12 11:49:45', 3, 3, 0, 1, 1),
(1099, '2013-06-11 17:47:11', 67, '3035307B2831B380E035B6CD', '4110006404', '5', 0, 100, '1', '1', '0', '2013-06-11 17:47:11', 0, 3, 0, 1, 1),
(1100, '2013-06-12 12:04:29', 12, '3035307B2831B380E035C0FE', '4110006742', '5', 3, 1, '8', '1', '0', '2013-06-12 12:04:29', 3, 3, 0, 1, 1),
(1101, '2013-06-10 12:51:24', 27, '3035307B2831B380E035DC04', '4107784458', '1', 1, 1, '1', '1', '0', '2013-06-10 12:51:24', 1, 2, 0, 1, 1),
(1102, '2013-06-12 12:13:50', 12, '3035307B2831B380E035C0FE', '4110006742', '5', 3, 2, '8', '1', '0', '2013-06-12 12:13:50', 3, 3, 0, 1, 1),
(1103, '2013-06-12 12:04:29', 67, '3035307B2831B380E035B6CD', '4110006404', '5', 0, 1, '8', '1', '0', '2013-06-12 12:04:29', 0, 3, 0, 1, 1),
(1104, '2013-06-12 16:11:29', 88, '3035307B2831B380E035B6D4', '4111264236', '5', 6, 10, '7', '9', '0', '2013-06-12 16:11:29', 6, 3, 0, 1, 1),
(1105, '2013-06-12 16:11:29', 78, '3035307B2831B380E035B68F', '4111265748', '5', 4, 10, '7', '9', '0', '2013-06-12 16:11:29', 4, 3, 0, 1, 1),
(1106, '2013-06-12 16:11:29', 12, '3035307B2831B380E035C0FE', '4110006742', '5', 4, 10, '8', '9', '0', '2013-06-12 16:11:29', 4, 3, 0, 1, 1),
(1107, '2013-06-12 16:11:29', 67, '3035307B2831B380E035B6CD', '4110006404', '5', 1, 10, '8', '9', '0', '2013-06-12 16:11:29', 1, 3, 0, 1, 1),
(1108, '2013-06-12 16:11:58', 12, '3035307B2831B380E035C0FE', '4110006742', '5', 4, 100, '1', '1', '0', '2013-06-12 16:11:58', 4, 3, 0, 1, 1),
(1109, '2013-06-06 12:17:10', 19, '3035307B2831B380E035B693', '4111265076', '5', 0, 10, '2', '9', '0', '2013-06-06 12:17:10', 0, 3, 0, 1, 1),
(1110, '2013-06-11 17:00:50', 23, '3035307B2831B380E035B6D0', '3035332705', '3', 0, 100, '1', '1', '0', '2013-06-11 17:00:50', 0, 1, 0, 1, 1),
(1111, '2013-05-30 16:27:44', 25, '3035307B2831B380E035C0CE', '3034990794', '1', 0, 0, '0', '0', '0', '2013-05-30 16:27:44', 0, 2, 0, 1, 1),
(1112, '2013-06-12 15:39:13', 27, '3035307B2831B380E035DC04', '4107784458', '1', 1, 2, '3', '1', '0', '2013-06-12 15:39:13', 1, 2, 0, 1, 1),
(1113, '2013-06-10 12:22:38', 28, '3035307B2831B380E035B6D5', '4110006070', '5', 2, 10, '3', '9', '0', '2013-06-10 12:22:38', 2, 3, 0, 1, 1),
(1114, '2013-06-10 12:22:38', 33, '3035307B2831B380E035B629', '4110006068', '5', 4, 10, '3', '9', '0', '2013-06-10 12:22:38', 4, 3, 0, 1, 1),
(1115, '2013-05-30 16:27:44', 41, '3035307B2831B380E0243540', '4100914863', '4', 0, 0, '0', '0', '0', '2013-05-30 16:27:44', 0, 2, 0, 1, 1),
(1116, '2013-06-06 10:11:28', 48, '3035307B2831B380E035B6B0', '4110008086', '5', 0, 10, '2', '9', '0', '2013-06-06 10:11:28', 0, 3, 0, 1, 1),
(1117, '2013-06-12 11:49:45', 60, '3035307B2831B380E035DC0F', '4111264072', '5', 4, 100, '1', '1', '0', '2013-06-12 11:49:45', 4, 3, 0, 1, 1),
(1118, '2013-06-12 11:49:45', 61, '3035307B2831B380E035C0C0', '4110008420', '5', 2, 100, '1', '1', '0', '2013-06-12 11:49:45', 2, 3, 0, 1, 1),
(1119, '2013-06-12 16:11:58', 67, '3035307B2831B380E035B6CD', '4110006404', '5', 1, 100, '1', '1', '0', '2013-06-12 16:11:58', 1, 3, 0, 1, 1),
(1120, '2013-06-06 12:17:23', 70, '3035307B2831B380E035B63C', '4110007078', '5', 0, 10, '2', '9', '0', '2013-06-06 12:17:23', 0, 3, 0, 1, 1),
(1121, '2013-05-30 16:27:44', 72, '3035307B2831B380E0242CB5', '4100912344', '4', 0, 0, '0', '0', '0', '2013-05-30 16:27:44', 0, 2, 0, 1, 1),
(1122, '2013-06-12 11:49:45', 75, '3035307B2831B380E035B68D', '4111263899', '5', 2, 100, '1', '1', '0', '2013-06-12 11:49:45', 2, 3, 0, 1, 1),
(1123, '2013-05-30 16:27:44', 76, '3035307B2831B380E0241F0E', '4100914864', '4', 0, 0, '0', '0', '0', '2013-05-30 16:27:44', 0, 2, 0, 1, 1),
(1124, '2013-06-06 11:11:10', 77, '3035307B2831B380E035C10F', '4110007750', '5', 0, 10, '2', '9', '0', '2013-06-06 11:11:10', 0, 3, 0, 1, 1),
(1125, '2013-06-12 16:11:58', 78, '3035307B2831B380E035B68F', '4111265748', '5', 4, 100, '1', '1', '0', '2013-06-12 16:11:58', 4, 3, 0, 1, 1),
(1126, '2013-06-12 11:49:45', 86, '3035307B2831B380E035B69B', '4110008426', '5', 2, 100, '1', '1', '0', '2013-06-12 11:49:45', 2, 3, 0, 1, 1),
(1127, '2013-06-12 16:11:58', 88, '3035307B2831B380E035B6D4', '4111264236', '5', 6, 100, '1', '1', '0', '2013-06-12 16:11:58', 6, 3, 0, 1, 1),
(1128, '2013-05-30 16:27:44', 91, '3035307B2831B380E0241F08', '4110009428', '5', 0, 0, '0', '0', '0', '2013-05-30 16:27:44', 0, 3, 0, 1, 1),
(1129, '2013-06-11 17:00:50', 5681, '3035307B2831B380E035C0E3', '33330001', '1', 0, 100, '1', '1', '0', '2013-06-11 17:00:50', 0, 1, 0, 1, 1),
(1130, '2013-06-11 17:00:50', 5682, '3035307B2831B380E035DBF3', '33330002', '1', 0, 100, '1', '1', '0', '2013-06-11 17:00:50', 0, 1, 0, 1, 1),
(1131, '2013-06-12 11:01:44', 5683, '3035307B2831B380E035B663', '33330003', '2', 1, 100, '1', '1', '0', '2013-06-12 11:01:44', 1, 1, 0, 1, 1),
(1132, '2013-06-12 11:01:44', 5684, '3035307B2831B380E0241F1D', '33330004', '2', 2, 100, '1', '1', '0', '2013-06-12 11:01:44', 2, 1, 0, 1, 1),
(1133, '2013-06-12 11:01:44', 5685, '3035307B2831B380E0241F39', '33330005', '2', 2, 100, '1', '1', '0', '2013-06-12 11:01:44', 2, 1, 0, 1, 1),
(1134, '2013-06-11 17:00:50', 5686, '3035307B2831B380E035C0C8', '33330006', '2', 0, 100, '1', '1', '0', '2013-06-11 17:00:50', 0, 1, 0, 1, 1),
(1135, '2013-06-11 17:00:50', 5687, '3035307B2831B380E035B65F', '33330007', '3', 0, 100, '1', '1', '0', '2013-06-11 17:00:50', 0, 1, 0, 1, 1),
(1136, '2013-06-11 17:00:50', 5688, '3035307B2831B380E0242CB8', '33330008', '4', 0, 100, '1', '1', '0', '2013-06-11 17:00:50', 0, 1, 0, 1, 1),
(1137, '2013-06-12 11:29:53', 5691, '3035307B2831B380E035C107', '33330012', '1', 2, 100, '1', '1', '0', '2013-06-12 11:29:53', 2, 2, 0, 1, 1),
(1138, '2013-06-11 17:45:36', 5692, '3035307B2831B380E035C0E9', '33330013', '2', 0, 100, '1', '1', '0', '2013-06-11 17:45:36', 0, 2, 0, 1, 1),
(1139, '2013-06-11 17:45:36', 5693, '3035307B2831B380E035B6D8', '33330014', '2', 0, 100, '1', '1', '0', '2013-06-11 17:45:36', 0, 2, 0, 1, 1),
(1140, '2013-06-11 17:45:36', 5694, '3035307B2831B380E035B69E', '33330015', '2', 0, 100, '1', '1', '0', '2013-06-11 17:45:36', 0, 2, 0, 1, 1),
(1141, '2013-06-11 17:45:36', 5695, '3035307B2831B380E0360AF3', '33330016', '2', 0, 100, '1', '1', '0', '2013-06-11 17:45:36', 0, 2, 0, 1, 1),
(1142, '2013-06-12 11:49:45', 5697, '3035307B2831B380E035B64B', '33330018', '4', 5, 100, '1', '1', '0', '2013-06-12 11:49:45', 5, 2, 0, 1, 1),
(1143, '2013-06-11 17:45:36', 5700, '3035307B2831B380E0360AB1', '33330011', '1', 0, 100, '1', '1', '0', '2013-06-11 17:45:36', 0, 2, 0, 1, 1),
(1144, '2013-06-12 16:11:58', 67, '3035307B2831B380E035B6CD', '4110006404', '5', 1, 1, '1', '1', '0', '2013-06-12 16:11:58', 1, 3, 0, 1, 1),
(1145, '2013-06-11 17:45:36', 5692, '3035307B2831B380E035C0E9', '33330013', '2', 0, 1, '1', '1', '0', '2013-06-11 17:45:36', 0, 2, 0, 1, 1),
(1146, '2013-06-12 11:01:44', 5683, '3035307B2831B380E035B663', '33330003', '2', 1, 1, '1', '1', '0', '2013-06-12 11:01:44', 1, 1, 0, 1, 1),
(1147, '2013-06-11 17:45:36', 5694, '3035307B2831B380E035B69E', '33330015', '2', 0, 1, '1', '1', '0', '2013-06-11 17:45:36', 0, 2, 0, 1, 1),
(1148, '2013-06-11 17:00:50', 5686, '3035307B2831B380E035C0C8', '33330006', '2', 0, 1, '1', '1', '0', '2013-06-11 17:00:50', 0, 1, 0, 1, 1),
(1149, '2013-06-11 17:00:50', 5687, '3035307B2831B380E035B65F', '33330007', '3', 0, 1, '1', '1', '0', '2013-06-11 17:00:50', 0, 1, 0, 1, 1),
(1150, '2013-06-11 17:45:36', 5693, '3035307B2831B380E035B6D8', '33330014', '2', 0, 1, '1', '1', '0', '2013-06-11 17:45:36', 0, 2, 0, 1, 1),
(1151, '2013-06-11 17:00:50', 5682, '3035307B2831B380E035DBF3', '33330002', '1', 0, 1, '1', '1', '0', '2013-06-11 17:00:50', 0, 1, 0, 1, 1),
(1152, '2013-06-12 16:11:58', 12, '3035307B2831B380E035C0FE', '4110006742', '5', 4, 1, '1', '1', '0', '2013-06-12 16:11:58', 4, 3, 0, 1, 1),
(1153, '2013-06-11 17:00:50', 23, '3035307B2831B380E035B6D0', '3035332705', '3', 0, 1, '1', '1', '0', '2013-06-11 17:00:50', 0, 1, 0, 1, 1),
(1154, '2013-06-11 17:00:50', 5688, '3035307B2831B380E0242CB8', '33330008', '4', 0, 1, '1', '1', '0', '2013-06-11 17:00:50', 0, 1, 0, 1, 1),
(1155, '2013-06-11 17:45:36', 5700, '3035307B2831B380E0360AB1', '33330011', '1', 0, 1, '1', '1', '0', '2013-06-11 17:45:36', 0, 2, 0, 1, 1),
(1156, '2013-06-11 17:45:36', 5695, '3035307B2831B380E0360AF3', '33330016', '2', 0, 1, '1', '1', '0', '2013-06-11 17:45:36', 0, 2, 0, 1, 1),
(1157, '2013-06-12 11:49:45', 5697, '3035307B2831B380E035B64B', '33330018', '4', 5, 1, '1', '1', '0', '2013-06-12 11:49:45', 5, 2, 0, 1, 1),
(1158, '2013-06-12 11:49:45', 75, '3035307B2831B380E035B68D', '4111263899', '5', 2, 1, '1', '1', '0', '2013-06-12 11:49:45', 2, 3, 0, 1, 1),
(1159, '2013-06-12 11:01:44', 5684, '3035307B2831B380E0241F1D', '33330004', '2', 2, 1, '1', '1', '0', '2013-06-12 11:01:44', 2, 1, 0, 1, 1),
(1160, '2013-06-12 16:11:58', 78, '3035307B2831B380E035B68F', '4111265748', '5', 4, 1, '1', '1', '0', '2013-06-12 16:11:58', 4, 3, 0, 1, 1),
(1161, '2013-06-12 11:49:45', 86, '3035307B2831B380E035B69B', '4110008426', '5', 2, 1, '1', '1', '0', '2013-06-12 11:49:45', 2, 3, 0, 1, 1),
(1162, '2013-06-12 11:29:53', 5691, '3035307B2831B380E035C107', '33330012', '1', 2, 1, '1', '1', '0', '2013-06-12 11:29:53', 2, 2, 0, 1, 1),
(1163, '2013-06-11 17:00:50', 5681, '3035307B2831B380E035C0E3', '33330001', '1', 0, 1, '1', '1', '0', '2013-06-11 17:00:50', 0, 1, 0, 1, 1),
(1164, '2013-06-12 16:11:58', 88, '3035307B2831B380E035B6D4', '4111264236', '5', 6, 1, '1', '1', '0', '2013-06-12 16:11:58', 6, 3, 0, 1, 1),
(1165, '2013-06-12 11:01:44', 5685, '3035307B2831B380E0241F39', '33330005', '2', 2, 1, '1', '1', '0', '2013-06-12 11:01:44', 2, 1, 0, 1, 1),
(1166, '2013-06-12 11:49:45', 60, '3035307B2831B380E035DC0F', '4111264072', '5', 4, 1, '1', '1', '0', '2013-06-12 11:49:45', 4, 3, 0, 1, 1),
(1167, '2013-06-12 11:49:45', 61, '3035307B2831B380E035C0C0', '4110008420', '5', 2, 1, '1', '1', '0', '2013-06-12 11:49:45', 2, 3, 0, 1, 1),
(1168, '2013-06-12 15:39:13', 27, '3035307B2831B380E035DC04', '4107784458', '1', 1, 1, '3', '1', '0', '2013-06-12 15:39:13', 1, 2, 0, 1, 1),
(1169, '2013-06-12 16:22:44', 27, '3035307B2831B380E035DC04', '4107784458', '1', 1, 2, '3', '1', '0', '2013-06-12 16:22:40', 1, 2, 0, 1, 1),
(1170, '2013-06-12 16:22:44', 27, '3035307B2831B380E035DC04', '4107784458', '1', 1, 100, '3', '1', '0', '2013-06-12 16:22:40', 1, 2, 0, 1, 1),
(1171, '2013-06-12 16:22:35', 67, '3035307B2831B380E035B6CD', '4110006404', '5', 1, 100, '1', '1', '0', '2013-06-12 16:22:35', 1, 3, 0, 1, 1),
(1172, '2013-06-12 16:22:36', 88, '3035307B2831B380E035B6D4', '4111264236', '5', 6, 100, '1', '1', '0', '2013-06-12 16:22:36', 6, 3, 0, 1, 1),
(1173, '2013-06-12 16:29:17', 88, '3035307B2831B380E035B6D4', '4111264236', '5', 6, 1, '2', '1', '0', '2013-06-12 16:29:17', 6, 3, 0, 1, 1),
(1174, '2013-06-12 16:29:17', 67, '3035307B2831B380E035B6CD', '4110006404', '5', 1, 1, '2', '1', '0', '2013-06-12 16:29:17', 1, 3, 0, 1, 1),
(1175, '2013-06-12 16:30:24', 67, '3035307B2831B380E035B6CD', '4110006404', '5', 2, 10, '2', '9', '0', '2013-06-12 16:30:24', 2, 3, 0, 1, 1),
(1176, '2013-06-12 16:30:24', 88, '3035307B2831B380E035B6D4', '4111264236', '5', 7, 10, '2', '9', '0', '2013-06-12 16:30:24', 7, 3, 0, 1, 1),
(1177, '2013-06-12 16:22:36', 12, '3035307B2831B380E035C0FE', '4110006742', '5', 4, 100, '1', '1', '0', '2013-06-12 16:22:36', 4, 3, 0, 1, 1),
(1178, '2013-06-12 16:22:36', 23, '3035307B2831B380E035B6D0', '3035332705', '3', 0, 100, '1', '1', '0', '2013-06-12 16:22:36', 0, 1, 0, 1, 1),
(1179, '2013-06-12 16:22:36', 60, '3035307B2831B380E035DC0F', '4111264072', '5', 4, 100, '1', '1', '0', '2013-06-12 16:22:36', 4, 3, 0, 1, 1),
(1180, '2013-06-12 16:22:36', 61, '3035307B2831B380E035C0C0', '4110008420', '5', 2, 100, '1', '1', '0', '2013-06-12 16:22:36', 2, 3, 0, 1, 1),
(1181, '2013-06-12 16:30:34', 67, '3035307B2831B380E035B6CD', '4110006404', '5', 1, 100, '1', '1', '0', '2013-06-12 16:30:34', 1, 3, 0, 1, 1),
(1182, '2013-06-12 16:22:36', 75, '3035307B2831B380E035B68D', '4111263899', '5', 2, 100, '1', '1', '0', '2013-06-12 16:22:36', 2, 3, 0, 1, 1),
(1183, '2013-06-12 16:22:36', 78, '3035307B2831B380E035B68F', '4111265748', '5', 4, 100, '1', '1', '0', '2013-06-12 16:22:36', 4, 3, 0, 1, 1),
(1184, '2013-06-12 16:22:36', 86, '3035307B2831B380E035B69B', '4110008426', '5', 2, 100, '1', '1', '0', '2013-06-12 16:22:36', 2, 3, 0, 1, 1),
(1185, '2013-06-12 16:30:34', 88, '3035307B2831B380E035B6D4', '4111264236', '5', 6, 100, '1', '1', '0', '2013-06-12 16:30:34', 6, 3, 0, 1, 1),
(1186, '2013-06-12 16:22:36', 5681, '3035307B2831B380E035C0E3', '33330001', '1', 0, 100, '1', '1', '0', '2013-06-12 16:22:36', 0, 1, 0, 1, 1),
(1187, '2013-06-12 16:22:36', 5682, '3035307B2831B380E035DBF3', '33330002', '1', 0, 100, '1', '1', '0', '2013-06-12 16:22:36', 0, 1, 0, 1, 1),
(1188, '2013-06-12 16:22:35', 5683, '3035307B2831B380E035B663', '33330003', '2', 1, 100, '1', '1', '0', '2013-06-12 16:22:35', 1, 1, 0, 1, 1),
(1189, '2013-06-12 16:22:36', 5684, '3035307B2831B380E0241F1D', '33330004', '2', 2, 100, '1', '1', '0', '2013-06-12 16:22:36', 2, 1, 0, 1, 1),
(1190, '2013-06-12 16:22:36', 5685, '3035307B2831B380E0241F39', '33330005', '2', 2, 100, '1', '1', '0', '2013-06-12 16:22:36', 2, 1, 0, 1, 1),
(1191, '2013-06-12 16:22:35', 5686, '3035307B2831B380E035C0C8', '33330006', '2', 0, 100, '1', '1', '0', '2013-06-12 16:22:35', 0, 1, 0, 1, 1),
(1192, '2013-06-12 16:22:36', 5687, '3035307B2831B380E035B65F', '33330007', '3', 0, 100, '1', '1', '0', '2013-06-12 16:22:36', 0, 1, 0, 1, 1),
(1193, '2013-06-12 16:22:36', 5688, '3035307B2831B380E0242CB8', '33330008', '4', 0, 100, '1', '1', '0', '2013-06-12 16:22:36', 0, 1, 0, 1, 1),
(1194, '2013-06-12 16:22:36', 5691, '3035307B2831B380E035C107', '33330012', '1', 2, 100, '1', '1', '0', '2013-06-12 16:22:36', 2, 2, 0, 1, 1),
(1195, '2013-06-12 16:22:35', 5692, '3035307B2831B380E035C0E9', '33330013', '2', 0, 100, '1', '1', '0', '2013-06-12 16:22:35', 0, 2, 0, 1, 1),
(1196, '2013-06-12 16:22:36', 5693, '3035307B2831B380E035B6D8', '33330014', '2', 0, 100, '1', '1', '0', '2013-06-12 16:22:36', 0, 2, 0, 1, 1),
(1197, '2013-06-12 16:22:35', 5694, '3035307B2831B380E035B69E', '33330015', '2', 0, 100, '1', '1', '0', '2013-06-12 16:22:35', 0, 2, 0, 1, 1),
(1198, '2013-06-12 16:22:36', 5695, '3035307B2831B380E0360AF3', '33330016', '2', 0, 100, '1', '1', '0', '2013-06-12 16:22:36', 0, 2, 0, 1, 1),
(1199, '2013-06-12 16:22:36', 5697, '3035307B2831B380E035B64B', '33330018', '4', 5, 100, '1', '1', '0', '2013-06-12 16:22:36', 5, 2, 0, 1, 1),
(1200, '2013-06-12 16:22:36', 5700, '3035307B2831B380E0360AB1', '33330011', '1', 0, 100, '1', '1', '0', '2013-06-12 16:22:36', 0, 2, 0, 1, 1),
(1201, '2013-06-12 16:32:58', 5684, '3035307B2831B380E0241F1D', '33330004', '2', 2, 1, '1', '1', '0', '2013-06-12 16:22:36', 2, 1, 0, 1, 1),
(1202, '2013-06-12 16:32:58', 5700, '3035307B2831B380E0360AB1', '33330011', '1', 0, 1, '1', '1', '0', '2013-06-12 16:22:36', 0, 2, 0, 1, 1),
(1203, '2013-06-12 16:32:58', 5697, '3035307B2831B380E035B64B', '33330018', '4', 5, 1, '1', '1', '0', '2013-06-12 16:22:36', 5, 2, 0, 1, 1),
(1204, '2013-06-12 16:32:58', 5695, '3035307B2831B380E0360AF3', '33330016', '2', 0, 1, '1', '1', '0', '2013-06-12 16:22:36', 0, 2, 0, 1, 1),
(1205, '2013-06-12 16:32:58', 5691, '3035307B2831B380E035C107', '33330012', '1', 2, 1, '1', '1', '0', '2013-06-12 16:22:36', 2, 2, 0, 1, 1),
(1206, '2013-06-12 16:32:58', 23, '3035307B2831B380E035B6D0', '3035332705', '3', 0, 1, '1', '1', '0', '2013-06-12 16:22:36', 0, 1, 0, 1, 1),
(1207, '2013-06-12 16:32:58', 5683, '3035307B2831B380E035B663', '33330003', '2', 1, 1, '1', '1', '0', '2013-06-12 16:22:35', 1, 1, 0, 1, 1),
(1208, '2013-06-12 16:32:58', 88, '3035307B2831B380E035B6D4', '4111264236', '5', 6, 1, '1', '1', '0', '2013-06-12 16:30:34', 6, 3, 0, 1, 1),
(1209, '2013-06-12 16:32:58', 5686, '3035307B2831B380E035C0C8', '33330006', '2', 0, 1, '1', '1', '0', '2013-06-12 16:22:35', 0, 1, 0, 1, 1),
(1210, '2013-06-12 16:32:58', 5688, '3035307B2831B380E0242CB8', '33330008', '4', 0, 1, '1', '1', '0', '2013-06-12 16:22:36', 0, 1, 0, 1, 1),
(1211, '2013-06-12 16:32:58', 5687, '3035307B2831B380E035B65F', '33330007', '3', 0, 1, '1', '1', '0', '2013-06-12 16:22:36', 0, 1, 0, 1, 1),
(1212, '2013-06-12 16:32:58', 5681, '3035307B2831B380E035C0E3', '33330001', '1', 0, 1, '1', '1', '0', '2013-06-12 16:22:36', 0, 1, 0, 1, 1),
(1213, '2013-06-12 16:32:58', 78, '3035307B2831B380E035B68F', '4111265748', '5', 4, 1, '1', '1', '0', '2013-06-12 16:22:36', 4, 3, 0, 1, 1),
(1214, '2013-06-12 16:32:58', 12, '3035307B2831B380E035C0FE', '4110006742', '5', 4, 1, '1', '1', '0', '2013-06-12 16:22:36', 4, 3, 0, 1, 1),
(1215, '2013-06-12 16:32:58', 5692, '3035307B2831B380E035C0E9', '33330013', '2', 0, 1, '1', '1', '0', '2013-06-12 16:22:35', 0, 2, 0, 1, 1),
(1216, '2013-06-12 16:32:58', 61, '3035307B2831B380E035C0C0', '4110008420', '5', 2, 1, '1', '1', '0', '2013-06-12 16:22:36', 2, 3, 0, 1, 1),
(1217, '2013-06-12 16:32:58', 86, '3035307B2831B380E035B69B', '4110008426', '5', 2, 1, '1', '1', '0', '2013-06-12 16:22:36', 2, 3, 0, 1, 1),
(1218, '2013-06-12 16:32:58', 5693, '3035307B2831B380E035B6D8', '33330014', '2', 0, 1, '1', '1', '0', '2013-06-12 16:22:36', 0, 2, 0, 1, 1),
(1219, '2013-06-12 16:32:58', 5694, '3035307B2831B380E035B69E', '33330015', '2', 0, 1, '1', '1', '0', '2013-06-12 16:22:35', 0, 2, 0, 1, 1),
(1220, '2013-06-12 16:32:58', 60, '3035307B2831B380E035DC0F', '4111264072', '5', 4, 1, '1', '1', '0', '2013-06-12 16:22:36', 4, 3, 0, 1, 1),
(1221, '2013-06-12 16:32:58', 67, '3035307B2831B380E035B6CD', '4110006404', '5', 1, 1, '1', '1', '0', '2013-06-12 16:30:34', 1, 3, 0, 1, 1),
(1222, '2013-06-12 16:32:58', 75, '3035307B2831B380E035B68D', '4111263899', '5', 2, 1, '1', '1', '0', '2013-06-12 16:22:36', 2, 3, 0, 1, 1),
(1223, '2013-06-12 16:32:58', 5685, '3035307B2831B380E0241F39', '33330005', '2', 2, 1, '1', '1', '0', '2013-06-12 16:22:36', 2, 1, 0, 1, 1),
(1224, '2013-06-12 16:32:58', 5682, '3035307B2831B380E035DBF3', '33330002', '1', 0, 1, '1', '1', '0', '2013-06-12 16:22:36', 0, 1, 0, 1, 1),
(1225, '2013-06-12 16:33:20', 60, '3035307B2831B380E035DC0F', '4111264072', '5', 4, 100, '1', '1', '0', '2013-06-12 16:33:20', 4, 3, 0, 1, 1),
(1226, '2013-06-12 16:33:20', 75, '3035307B2831B380E035B68D', '4111263899', '5', 2, 100, '1', '1', '0', '2013-06-12 16:33:20', 2, 3, 0, 1, 1),
(1227, '2013-06-12 16:34:19', 60, '3035307B2831B380E035DC0F', '4111264072', '5', 4, 1, '2', '1', '0', '2013-06-12 16:34:19', 4, 3, 0, 1, 1),
(1228, '2013-06-12 16:34:19', 75, '3035307B2831B380E035B68D', '4111263899', '5', 2, 1, '2', '1', '0', '2013-06-12 16:34:19', 2, 3, 0, 1, 1),
(1229, '2013-06-12 16:40:59', 60, '3035307B2831B380E035DC0F', '4111264072', '5', 4, 2, '2', '1', '0', '2013-06-12 16:40:59', 4, 3, 0, 1, 1),
(1230, '2013-06-12 16:41:02', 60, '3035307B2831B380E035DC0F', '4111264072', '5', 5, 10, '2', '9', '0', '2013-06-12 16:41:02', 5, 3, 0, 1, 1),
(1231, '2013-06-12 16:41:02', 75, '3035307B2831B380E035B68D', '4111263899', '5', 3, 10, '2', '9', '0', '2013-06-12 16:41:02', 3, 3, 0, 1, 1),
(1232, '2013-06-12 16:33:20', 67, '3035307B2831B380E035B6CD', '4110006404', '5', 1, 100, '1', '1', '0', '2013-06-12 16:33:20', 1, 3, 0, 1, 1),
(1233, '2013-06-12 16:42:55', 60, '3035307B2831B380E035DC0F', '4111264072', '5', 5, 100, '1', '1', '0', '2013-06-12 16:42:55', 5, 3, 0, 1, 1),
(1234, '2013-06-12 16:42:55', 75, '3035307B2831B380E035B68D', '4111263899', '5', 3, 100, '1', '1', '0', '2013-06-12 16:42:55', 3, 3, 0, 1, 1),
(1235, '2013-06-12 16:33:20', 5691, '3035307B2831B380E035C107', '33330012', '1', 2, 100, '1', '1', '0', '2013-06-12 16:33:20', 2, 2, 0, 1, 1),
(1236, '2013-06-12 17:12:56', 75, '3035307B2831B380E035B68D', '4111263899', '5', 3, 1, '7', '1', '0', '2013-06-12 17:12:56', 3, 3, 0, 1, 1),
(1237, '2013-06-12 17:08:47', 67, '3035307B2831B380E035B6CD', '4110006404', '5', 1, 1, '7', '1', '0', '2013-06-12 17:08:47', 1, 3, 0, 1, 1),
(1238, '2013-06-12 17:42:42', 5691, '3035307B2831B380E035C107', '33330012', '1', 2, 1, '2', '1', '0', '2013-06-12 17:42:42', 2, 2, 0, 1, 1),
(1239, '2013-06-12 17:12:56', 60, '3035307B2831B380E035DC0F', '4111264072', '5', 5, 1, '7', '1', '0', '2013-06-12 17:12:56', 5, 3, 0, 1, 1),
(1240, '2013-06-12 16:33:20', 5692, '3035307B2831B380E035C0E9', '33330013', '2', 0, 100, '1', '1', '0', '2013-06-12 16:33:20', 0, 2, 0, 1, 1),
(1241, '2013-06-12 17:48:31', 5692, '3035307B2831B380E035C0E9', '33330013', '2', 0, 1, '2', '1', '0', '2013-06-12 17:48:31', 0, 2, 0, 1, 1),
(1242, '2013-06-12 17:48:58', 60, '3035307B2831B380E035DC0F', '4111264072', '5', 7, 10, '7', '9', '0', '2013-06-12 17:48:58', 7, 3, 0, 1, 1),
(1243, '2013-06-12 17:48:58', 67, '3035307B2831B380E035B6CD', '4110006404', '5', 3, 10, '7', '9', '0', '2013-06-12 17:48:58', 3, 3, 0, 1, 1),
(1244, '2013-06-12 17:48:58', 75, '3035307B2831B380E035B68D', '4111263899', '5', 5, 10, '7', '9', '0', '2013-06-12 17:48:58', 5, 3, 0, 1, 1),
(1245, '2013-06-12 17:48:58', 5692, '3035307B2831B380E035C0E9', '33330013', '2', 1, 10, '2', '9', '0', '2013-06-12 17:48:58', 1, 2, 0, 1, 1),
(1246, '2013-06-12 17:48:58', 5691, '3035307B2831B380E035C107', '33330012', '1', 4, 10, '2', '9', '0', '2013-06-12 17:48:58', 4, 2, 0, 1, 1),
(1247, '2013-06-12 17:51:04', 60, '3035307B2831B380E035DC0F', '4111264072', '5', 7, 100, '1', '1', '0', '2013-06-12 17:51:04', 7, 3, 0, 1, 1),
(1248, '2013-06-12 17:51:04', 67, '3035307B2831B380E035B6CD', '4110006404', '5', 3, 100, '1', '1', '0', '2013-06-12 17:51:04', 3, 3, 0, 1, 1),
(1249, '2013-06-12 17:51:04', 75, '3035307B2831B380E035B68D', '4111263899', '5', 5, 100, '1', '1', '0', '2013-06-12 17:51:04', 5, 3, 0, 1, 1),
(1250, '2013-06-12 16:33:20', 88, '3035307B2831B380E035B6D4', '4111264236', '5', 6, 100, '1', '1', '0', '2013-06-12 16:33:20', 6, 3, 0, 1, 1),
(1251, '2013-06-12 17:51:56', 67, '3035307B2831B380E035B6CD', '4110006404', '5', 3, 1, '2', '1', '0', '2013-06-12 17:51:56', 3, 3, 0, 1, 1),
(1252, '2013-06-12 17:51:56', 60, '3035307B2831B380E035DC0F', '4111264072', '5', 7, 1, '2', '1', '0', '2013-06-12 17:51:56', 7, 3, 0, 1, 1),
(1253, '2013-06-12 17:51:56', 75, '3035307B2831B380E035B68D', '4111263899', '5', 5, 1, '2', '1', '0', '2013-06-12 17:51:56', 5, 3, 0, 1, 1),
(1254, '2013-06-12 16:33:20', 78, '3035307B2831B380E035B68F', '4111265748', '5', 4, 100, '1', '1', '0', '2013-06-12 16:33:20', 4, 3, 0, 1, 1),
(1255, '2013-06-12 17:57:17', 78, '3035307B2831B380E035B68F', '4111265748', '5', 4, 1, '2', '1', '0', '2013-06-12 17:57:17', 4, 3, 0, 1, 1),
(1256, '2013-06-12 17:52:27', 88, '3035307B2831B380E035B6D4', '4111264236', '5', 6, 1, '2', '1', '0', '2013-06-12 17:52:27', 6, 3, 0, 1, 1),
(1257, '2013-06-12 16:33:20', 12, '3035307B2831B380E035C0FE', '4110006742', '5', 4, 100, '1', '1', '0', '2013-06-12 16:33:20', 4, 3, 0, 1, 1),
(1258, '2013-06-12 17:58:57', 12, '3035307B2831B380E035C0FE', '4110006742', '5', 4, 1, '2', '1', '0', '2013-06-12 17:58:57', 4, 3, 0, 1, 1),
(1259, '2013-06-12 17:57:41', 78, '3035307B2831B380E035B68F', '4111265748', '5', 5, 10, '2', '9', '0', '2013-06-12 17:57:41', 5, 3, 0, 1, 1),
(1260, '2013-06-12 17:57:41', 75, '3035307B2831B380E035B68D', '4111263899', '5', 9, 10, '2', '9', '0', '2013-06-12 17:57:41', 9, 3, 0, 1, 1),
(1261, '2013-06-12 17:57:41', 60, '3035307B2831B380E035DC0F', '4111264072', '5', 11, 10, '2', '9', '0', '2013-06-12 17:57:41', 11, 3, 0, 1, 1),
(1262, '2013-06-12 17:57:41', 67, '3035307B2831B380E035B6CD', '4110006404', '5', 7, 10, '2', '9', '0', '2013-06-12 17:57:41', 7, 3, 0, 1, 1),
(1263, '2013-06-12 17:57:41', 88, '3035307B2831B380E035B6D4', '4111264236', '5', 7, 10, '2', '9', '0', '2013-06-12 17:57:41', 7, 3, 0, 1, 1),
(1264, '2013-06-12 16:33:20', 61, '3035307B2831B380E035C0C0', '4110008420', '5', 2, 100, '1', '1', '0', '2013-06-12 16:33:20', 2, 3, 0, 1, 1),
(1265, '2013-06-13 11:53:47', 61, '3035307B2831B380E035C0C0', '4110008420', '5', 2, 1, '7', '1', '0', '2013-06-13 11:53:47', 2, 3, 0, 1, 1),
(1266, '2013-06-12 17:59:22', 75, '3035307B2831B380E035B68D', '4111263899', '5', 9, 100, '1', '1', '0', '2013-06-12 17:59:22', 9, 3, 0, 1, 1),
(1267, '2013-06-12 16:33:20', 86, '3035307B2831B380E035B69B', '4110008426', '5', 2, 100, '1', '1', '0', '2013-06-12 16:33:20', 2, 3, 0, 1, 1),
(1268, '2013-06-12 17:59:22', 67, '3035307B2831B380E035B6CD', '4110006404', '5', 7, 100, '1', '1', '0', '2013-06-12 17:59:22', 7, 3, 0, 1, 1),
(1269, '2013-06-13 12:02:39', 67, '3035307B2831B380E035B6CD', '4110006404', '5', 7, 1, '7', '1', '0', '2013-06-13 12:02:39', 7, 3, 0, 1, 1),
(1270, '2013-06-13 12:01:40', 75, '3035307B2831B380E035B68D', '4111263899', '5', 9, 1, '7', '1', '0', '2013-06-13 12:01:40', 9, 3, 0, 1, 1),
(1271, '2013-06-13 12:05:31', 75, '3035307B2831B380E035B68D', '4111263899', '5', 9, 2, '7', '1', '0', '2013-06-13 12:05:31', 9, 3, 0, 1, 1),
(1272, '2013-06-13 11:56:31', 61, '3035307B2831B380E035C0C0', '4110008420', '5', 2, 2, '7', '1', '0', '2013-06-13 11:56:31', 2, 3, 0, 1, 1),
(1273, '2013-06-13 12:01:40', 86, '3035307B2831B380E035B69B', '4110008426', '5', 2, 1, '7', '1', '0', '2013-06-13 12:01:40', 2, 3, 0, 1, 1),
(1274, '2013-06-12 17:59:22', 60, '3035307B2831B380E035DC0F', '4111264072', '5', 11, 100, '1', '1', '0', '2013-06-12 17:59:22', 11, 3, 0, 1, 1),
(1275, '2013-06-13 12:08:52', 86, '3035307B2831B380E035B69B', '4110008426', '5', 3, 10, '7', '9', '0', '2013-06-13 12:08:52', 3, 3, 0, 1, 1),
(1276, '2013-06-13 12:08:52', 75, '3035307B2831B380E035B68D', '4111263899', '5', 10, 10, '7', '9', '0', '2013-06-13 12:08:52', 10, 3, 0, 1, 1),
(1277, '2013-06-13 12:08:52', 12, '3035307B2831B380E035C0FE', '4110006742', '5', 9, 10, '2', '9', '0', '2013-06-13 12:08:52', 9, 3, 0, 1, 1),
(1278, '2013-06-13 12:08:52', 67, '3035307B2831B380E035B6CD', '4110006404', '5', 9, 10, '7', '9', '0', '2013-06-13 12:08:52', 9, 3, 0, 1, 1),
(1279, '2013-06-13 12:08:52', 61, '3035307B2831B380E035C0C0', '4110008420', '5', 3, 10, '7', '9', '0', '2013-06-13 12:08:52', 3, 3, 0, 1, 1),
(1280, '2013-06-13 12:12:27', 60, '3035307B2831B380E035DC0F', '4111264072', '5', 11, 1, '7', '1', '0', '2013-06-13 12:12:27', 11, 3, 0, 1, 1),
(1281, '2013-06-12 17:59:22', 78, '3035307B2831B380E035B68F', '4111265748', '5', 5, 100, '1', '1', '0', '2013-06-12 17:59:22', 5, 3, 0, 1, 1),
(1282, '2013-06-13 14:27:27', 78, '3035307B2831B380E035B68F', '4111265748', '5', 5, 1, '7', '1', '0', '2013-06-13 14:27:27', 5, 3, 0, 1, 1),
(1283, '2013-06-13 14:35:36', 78, '3035307B2831B380E035B68F', '4111265748', '5', 5, 2, '7', '1', '0', '2013-06-13 14:35:36', 5, 3, 0, 1, 1),
(1284, '2013-06-12 17:59:22', 88, '3035307B2831B380E035B6D4', '4111264236', '5', 7, 100, '1', '1', '0', '2013-06-12 17:59:22', 7, 3, 0, 1, 1),
(1285, '2013-06-13 14:47:08', 88, '3035307B2831B380E035B6D4', '4111264236', '5', 7, 1, '7', '1', '0', '2013-06-13 14:47:08', 7, 3, 0, 1, 1),
(1286, '2013-06-13 12:13:16', 12, '3035307B2831B380E035C0FE', '4110006742', '5', 9, 100, '1', '1', '0', '2013-06-13 12:13:16', 9, 3, 0, 1, 1),
(1287, '2013-06-13 12:13:16', 86, '3035307B2831B380E035B69B', '4110008426', '5', 3, 100, '1', '1', '0', '2013-06-13 12:13:16', 3, 3, 0, 1, 1),
(1288, '2013-06-13 15:00:30', 12, '3035307B2831B380E035C0FE', '4110006742', '5', 9, 1, '7', '1', '0', '2013-06-13 15:00:30', 9, 3, 0, 1, 1),
(1289, '2013-06-13 15:00:30', 86, '3035307B2831B380E035B69B', '4110008426', '5', 3, 1, '7', '1', '0', '2013-06-13 15:00:30', 3, 3, 0, 1, 1),
(1290, '2013-06-12 16:33:20', 5682, '3035307B2831B380E035DBF3', '33330002', '1', 0, 100, '1', '1', '0', '2013-06-12 16:33:20', 0, 1, 0, 1, 1),
(1291, '2013-06-12 17:51:04', 5691, '3035307B2831B380E035C107', '33330012', '1', 4, 100, '1', '1', '0', '2013-06-12 17:51:04', 4, 2, 0, 1, 1),
(1292, '2013-06-13 15:06:57', 5682, '3035307B2831B380E035DBF3', '33330002', '1', 0, 1, '9', '1', '0', '2013-06-13 15:06:57', 0, 1, 0, 1, 1),
(1293, '2013-06-13 15:06:57', 5691, '3035307B2831B380E035C107', '33330012', '1', 4, 1, '9', '1', '0', '2013-06-13 15:06:57', 4, 2, 0, 1, 1),
(1294, '2013-06-13 15:12:39', 5682, '3035307B2831B380E035DBF3', '33330002', '1', 0, 2, '9', '1', '0', '2013-06-13 15:12:39', 0, 1, 0, 1, 1),
(1295, '2013-06-13 15:12:39', 5691, '3035307B2831B380E035C107', '33330012', '1', 4, 2, '9', '1', '0', '2013-06-13 15:12:39', 4, 2, 0, 1, 1),
(1296, '2013-06-12 16:33:20', 5700, '3035307B2831B380E0360AB1', '33330011', '1', 0, 100, '1', '1', '0', '2013-06-12 16:33:20', 0, 2, 0, 1, 1),
(1297, '2013-06-12 16:33:20', 5681, '3035307B2831B380E035C0E3', '33330001', '1', 0, 100, '1', '1', '0', '2013-06-12 16:33:20', 0, 1, 0, 1, 1),
(1298, '2013-06-13 12:13:16', 61, '3035307B2831B380E035C0C0', '4110008420', '5', 3, 100, '1', '1', '0', '2013-06-13 12:13:16', 3, 3, 0, 1, 1),
(1299, '2013-06-13 12:13:16', 67, '3035307B2831B380E035B6CD', '4110006404', '5', 9, 100, '1', '1', '0', '2013-06-13 12:13:16', 9, 3, 0, 1, 1),
(1300, '2013-06-13 12:13:16', 75, '3035307B2831B380E035B68D', '4111263899', '5', 10, 100, '1', '1', '0', '2013-06-13 12:13:16', 10, 3, 0, 1, 1),
(1301, '2013-06-13 15:20:28', 67, '3035307B2831B380E035B6CD', '4110006404', '5', 9, 1, '7', '1', '0', '2013-06-13 15:20:28', 9, 3, 0, 1, 1),
(1302, '2013-06-13 15:20:28', 61, '3035307B2831B380E035C0C0', '4110008420', '5', 3, 1, '7', '1', '0', '2013-06-13 15:20:28', 3, 3, 0, 1, 1),
(1303, '2013-06-13 15:19:20', 5700, '3035307B2831B380E0360AB1', '33330011', '1', 0, 1, '7', '1', '0', '2013-06-13 15:19:20', 0, 2, 0, 1, 1),
(1304, '2013-06-13 15:20:28', 75, '3035307B2831B380E035B68D', '4111263899', '5', 10, 1, '7', '1', '0', '2013-06-13 15:20:28', 10, 3, 0, 1, 1),
(1305, '2013-06-13 15:20:28', 5681, '3035307B2831B380E035C0E3', '33330001', '1', 0, 1, '7', '1', '0', '2013-06-13 15:20:28', 0, 1, 0, 1, 1),
(1306, '2013-06-13 15:21:36', 5681, '3035307B2831B380E035C0E3', '33330001', '1', 1, 10, '7', '9', '0', '2013-06-13 15:21:36', 1, 1, 0, 1, 1),
(1307, '2013-06-13 15:21:36', 78, '3035307B2831B380E035B68F', '4111265748', '5', 9, 10, '7', '9', '0', '2013-06-13 15:21:36', 9, 3, 0, 1, 1),
(1308, '2013-06-13 15:21:35', 5682, '3035307B2831B380E035DBF3', '33330002', '1', 2, 10, '9', '9', '0', '2013-06-13 15:21:35', 2, 1, 0, 1, 1),
(1309, '2013-06-13 15:21:36', 5691, '3035307B2831B380E035C107', '33330012', '1', 6, 10, '9', '9', '0', '2013-06-13 15:21:36', 6, 2, 0, 1, 1),
(1310, '2013-06-13 15:21:36', 75, '3035307B2831B380E035B68D', '4111263899', '5', 11, 10, '7', '9', '0', '2013-06-13 15:21:36', 11, 3, 0, 1, 1),
(1311, '2013-06-13 15:21:35', 67, '3035307B2831B380E035B6CD', '4110006404', '5', 10, 10, '7', '9', '0', '2013-06-13 15:21:35', 10, 3, 0, 1, 1),
(1312, '2013-06-13 15:21:35', 5700, '3035307B2831B380E0360AB1', '33330011', '1', 1, 10, '7', '9', '0', '2013-06-13 15:21:35', 1, 2, 0, 1, 1),
(1313, '2013-06-13 15:21:35', 61, '3035307B2831B380E035C0C0', '4110008420', '5', 4, 10, '7', '9', '0', '2013-06-13 15:21:35', 4, 3, 0, 1, 1),
(1314, '2013-06-13 15:24:42', 5681, '3035307B2831B380E035C0E3', '33330001', '1', 1, 100, '1', '1', '0', '2013-06-13 15:24:42', 1, 1, 0, 1, 1),
(1315, '2013-06-13 15:24:42', 61, '3035307B2831B380E035C0C0', '4110008420', '5', 4, 100, '1', '1', '0', '2013-06-13 15:24:42', 4, 3, 0, 1, 1),
(1316, '2013-06-13 15:24:42', 5682, '3035307B2831B380E035DBF3', '33330002', '1', 2, 100, '1', '1', '0', '2013-06-13 15:24:42', 2, 1, 0, 1, 1),
(1317, '2013-06-13 15:25:25', 5681, '3035307B2831B380E035C0E3', '33330001', '1', 1, 1, '9', '1', '0', '2013-06-13 15:25:25', 1, 1, 0, 1, 1);
INSERT INTO `log_epc` (`Id`, `Date_Creation`, `Epc_Id`, `Tag`, `Code_Barre`, `Taille`, `Cycle_Lavage_Count`, `State`, `Last_User`, `Last_Reader`, `Last_Action`, `Last_Action_Date`, `Movement`, `Article_Type_ID`, `Case_ID`, `Armoire_ID`, `Synchronised`) VALUES
(1318, '2013-06-13 15:25:25', 61, '3035307B2831B380E035C0C0', '4110008420', '5', 4, 1, '9', '1', '0', '2013-06-13 15:25:25', 4, 3, 0, 1, 1),
(1319, '2013-06-13 15:26:23', 5682, '3035307B2831B380E035DBF3', '33330002', '1', 2, 1, '7', '1', '0', '2013-06-13 15:26:23', 2, 1, 0, 1, 1),
(1320, '2013-06-13 15:28:55', 5681, '3035307B2831B380E035C0E3', '33330001', '1', 2, 10, '9', '9', '0', '2013-06-13 15:28:55', 2, 1, 0, 1, 1),
(1321, '2013-06-13 15:28:58', 61, '3035307B2831B380E035C0C0', '4110008420', '5', 4, 2, '9', '1', '0', '2013-06-13 15:28:58', 4, 3, 0, 1, 1),
(1322, '2013-06-13 15:03:31', 12, '3035307B2831B380E035C0FE', '4110006742', '5', 9, 2, '7', '1', '0', '2013-06-13 15:03:31', 9, 3, 0, 1, 1),
(1323, '2013-06-13 14:57:01', 88, '3035307B2831B380E035B6D4', '4111264236', '5', 7, 2, '7', '1', '0', '2013-06-13 14:57:01', 7, 3, 0, 1, 1),
(1324, '2013-06-13 15:03:35', 86, '3035307B2831B380E035B69B', '4110008426', '5', 3, 2, '7', '1', '0', '2013-06-13 15:03:35', 3, 3, 0, 1, 1),
(1325, '2013-06-13 12:14:31', 60, '3035307B2831B380E035DC0F', '4111264072', '5', 11, 2, '7', '1', '0', '2013-06-13 12:14:31', 11, 3, 0, 1, 1),
(1326, '2013-06-13 16:53:46', 86, '3035307B2831B380E035B69B', '4110008426', '5', 5, 10, '7', '9', '0', '2013-06-13 16:53:46', 5, 3, 0, 1, 1),
(1327, '2013-06-13 16:51:31', 5682, '3035307B2831B380E035DBF3', '33330002', '1', 5, 10, '7', '9', '0', '2013-06-13 16:51:31', 5, 1, 0, 1, 1),
(1328, '2013-06-13 16:53:46', 60, '3035307B2831B380E035DC0F', '4111264072', '5', 12, 10, '7', '9', '0', '2013-06-13 16:53:46', 12, 3, 0, 1, 1),
(1329, '2013-06-13 16:51:31', 12, '3035307B2831B380E035C0FE', '4110006742', '5', 10, 10, '7', '9', '0', '2013-06-13 16:51:31', 10, 3, 0, 1, 1),
(1330, '2013-06-13 16:51:31', 88, '3035307B2831B380E035B6D4', '4111264236', '5', 8, 10, '7', '9', '0', '2013-06-13 16:51:31', 8, 3, 0, 1, 1),
(1331, '2013-06-13 16:53:46', 61, '3035307B2831B380E035C0C0', '4110008420', '5', 7, 10, '9', '9', '0', '2013-06-13 16:53:46', 7, 3, 0, 1, 1),
(1332, '2013-06-13 15:24:42', 78, '3035307B2831B380E035B68F', '4111265748', '5', 9, 100, '1', '1', '0', '2013-06-13 15:24:42', 9, 3, 0, 1, 1),
(1333, '2013-06-13 17:02:57', 78, '3035307B2831B380E035B68F', '4111265748', '5', 9, 1, '7', '1', '0', '2013-06-13 17:02:57', 9, 3, 0, 1, 1),
(1334, '2013-06-13 17:44:53', 78, '3035307B2831B380E035B68F', '4111265748', '5', 10, 10, '7', '9', '0', '2013-06-13 17:44:53', 10, 3, 0, 1, 1),
(1335, '2013-06-13 15:31:43', 5681, '3035307B2831B380E035C0E3', '33330001', '1', 2, 100, '1', '1', '0', '2013-06-13 15:31:43', 2, 1, 0, 1, 1),
(1336, '2013-06-13 17:47:53', 5681, '3035307B2831B380E035C0E3', '33330001', '1', 2, 1, '6', '1', '0', '2013-06-13 17:47:53', 2, 1, 0, 1, 1),
(1337, '2013-06-13 16:56:33', 88, '3035307B2831B380E035B6D4', '4111264236', '5', 8, 100, '1', '1', '0', '2013-06-13 16:56:33', 8, 3, 0, 1, 1),
(1338, '2013-06-12 16:33:20', 5684, '3035307B2831B380E0241F1D', '33330004', '2', 2, 100, '1', '1', '0', '2013-06-12 16:33:20', 2, 1, 0, 1, 1),
(1339, '2013-06-13 17:49:45', 88, '3035307B2831B380E035B6D4', '4111264236', '5', 8, 1, '6', '1', '0', '2013-06-13 17:49:45', 8, 3, 0, 1, 1),
(1340, '2013-06-13 17:49:45', 5684, '3035307B2831B380E0241F1D', '33330004', '2', 2, 1, '6', '1', '0', '2013-06-13 17:49:45', 2, 1, 0, 1, 1),
(1341, '2013-06-13 15:24:42', 5691, '3035307B2831B380E035C107', '33330012', '1', 6, 100, '1', '1', '0', '2013-06-13 15:24:42', 6, 2, 0, 1, 1),
(1342, '2013-06-13 15:24:42', 5700, '3035307B2831B380E0360AB1', '33330011', '1', 1, 100, '1', '1', '0', '2013-06-13 15:24:42', 1, 2, 0, 1, 1),
(1343, '2013-06-13 17:46:29', 78, '3035307B2831B380E035B68F', '4111265748', '5', 10, 100, '1', '1', '0', '2013-06-13 17:46:29', 10, 3, 0, 1, 1),
(1344, '2013-06-12 16:33:20', 5683, '3035307B2831B380E035B663', '33330003', '2', 1, 100, '1', '1', '0', '2013-06-12 16:33:20', 1, 1, 0, 1, 1),
(1345, '2013-06-13 17:52:24', 5691, '3035307B2831B380E035C107', '33330012', '1', 6, 1, '6', '1', '0', '2013-06-13 17:52:24', 6, 2, 0, 1, 1),
(1346, '2013-06-13 17:52:24', 78, '3035307B2831B380E035B68F', '4111265748', '5', 10, 1, '6', '1', '0', '2013-06-13 17:52:24', 10, 3, 0, 1, 1),
(1347, '2013-06-13 17:52:24', 5683, '3035307B2831B380E035B663', '33330003', '2', 1, 1, '6', '1', '0', '2013-06-13 17:52:24', 1, 1, 0, 1, 1),
(1348, '2013-06-13 17:52:24', 5700, '3035307B2831B380E0360AB1', '33330011', '1', 1, 1, '6', '1', '0', '2013-06-13 17:52:24', 1, 2, 0, 1, 1),
(1349, '2013-06-13 17:52:55', 5684, '3035307B2831B380E0241F1D', '33330004', '2', 4, 10, '6', '9', '0', '2013-06-13 17:52:55', 4, 1, 0, 1, 1),
(1350, '2013-06-13 17:52:55', 5700, '3035307B2831B380E0360AB1', '33330011', '1', 2, 10, '6', '9', '0', '2013-06-13 17:52:55', 2, 2, 0, 1, 1),
(1351, '2013-06-13 17:52:55', 5681, '3035307B2831B380E035C0E3', '33330001', '1', 5, 10, '6', '9', '0', '2013-06-13 17:52:55', 5, 1, 0, 1, 1),
(1352, '2013-06-13 17:52:55', 88, '3035307B2831B380E035B6D4', '4111264236', '5', 10, 10, '6', '9', '0', '2013-06-13 17:52:55', 10, 3, 0, 1, 1),
(1353, '2013-06-13 17:52:55', 5683, '3035307B2831B380E035B663', '33330003', '2', 2, 10, '6', '9', '0', '2013-06-13 17:52:55', 2, 1, 0, 1, 1),
(1354, '2013-06-13 17:52:55', 5691, '3035307B2831B380E035C107', '33330012', '1', 7, 10, '6', '9', '0', '2013-06-13 17:52:55', 7, 2, 0, 1, 1),
(1355, '2013-06-13 17:59:36', 88, '3035307B2831B380E035B6D4', '4111264236', '5', 10, 100, '1', '1', '0', '2013-06-13 17:59:36', 10, 3, 0, 1, 1),
(1356, '2013-06-14 09:33:52', 88, '3035307B2831B380E035B6D4', '4111264236', '5', 10, 1, '7', '1', '0', '2013-06-14 09:33:52', 10, 3, 0, 1, 1),
(1357, '2013-06-14 09:34:11', 88, '3035307B2831B380E035B6D4', '4111264236', '5', 11, 10, '7', '9', '0', '2013-06-14 09:34:11', 11, 3, 0, 1, 1),
(1358, '2013-06-14 09:34:41', 88, '3035307B2831B380E035B6D4', '4111264236', '5', 11, 100, '1', '1', '0', '2013-06-14 09:34:41', 11, 3, 0, 1, 1),
(1359, '2013-06-14 09:42:24', 88, '3035307B2831B380E035B6D4', '4111264236', '5', 11, 1, '7', '1', '0', '2013-06-14 09:42:24', 11, 3, 0, 1, 1),
(1360, '2013-06-14 09:44:33', 88, '3035307B2831B380E035B6D4', '4111264236', '5', 12, 10, '7', '9', '0', '2013-06-14 09:44:33', 12, 3, 0, 1, 1),
(1361, '2013-06-14 09:44:33', 78, '3035307B2831B380E035B68F', '4111265748', '5', 12, 10, '6', '9', '0', '2013-06-14 09:44:33', 12, 3, 0, 1, 1),
(1362, '2013-06-13 17:59:36', 5681, '3035307B2831B380E035C0E3', '33330001', '1', 5, 100, '1', '1', '0', '2013-06-13 17:59:36', 5, 1, 0, 1, 1),
(1363, '2013-06-14 11:21:15', 5681, '3035307B2831B380E035C0E3', '33330001', '1', 5, 1, '7', '1', '0', '2013-06-14 11:21:15', 5, 1, 0, 1, 1),
(1364, '2013-06-13 16:56:33', 5682, '3035307B2831B380E035DBF3', '33330002', '01', 5, 100, '1', '1', '0', '2013-06-13 16:56:33', 5, 1, 0, 1, 1),
(1365, '2013-06-13 16:56:33', 5682, '3035307B2831B380E035DBF3', '33330002', '01', 5, 1, '1', '1', '0', '2013-06-13 16:56:33', 5, 1, 0, 1, 1),
(1366, '2013-06-13 16:56:33', 5682, '3035307B2831B380E035DBF3', '33330002', '01', 5, 100, '1', '1', '0', '2013-06-13 16:56:33', 5, 1, 0, 1, 1),
(1367, '2013-06-13 16:56:33', 5682, '3035307B2831B380E035DBF3', '33330002', '01', 5, 1, '1', '1', '0', '2013-06-13 16:56:33', 5, 1, 0, 1, 1);

-- --------------------------------------------------------

--
-- Structure de la table `state`
--

CREATE TABLE IF NOT EXISTS `state` (
  `STATE_ID` int(11) NOT NULL,
  `DESCRIPTION` varchar(50) NOT NULL,
  `NEXT_STATE` int(11) NOT NULL,
  PRIMARY KEY (`STATE_ID`)
) ENGINE=MyISAM DEFAULT CHARSET=latin1;

-- --------------------------------------------------------

--
-- Structure de la table `tag_alert`
--

CREATE TABLE IF NOT EXISTS `tag_alert` (
  `Id` int(32) NOT NULL AUTO_INCREMENT,
  `Date_Creation` datetime NOT NULL,
  `Alert_ID` int(32) NOT NULL,
  `Tag_Command` varchar(255) NOT NULL,
  `Tag_Retir` varchar(255) NOT NULL,
  `Tag_Intrus` varchar(255) NOT NULL,
  `Article_Type_Code` varchar(255) NOT NULL,
  `Taille` varchar(255) NOT NULL,
  PRIMARY KEY (`Id`)
) ENGINE=MyISAM  DEFAULT CHARSET=latin1 AUTO_INCREMENT=331 ;

--
-- Contenu de la table `tag_alert`
--

INSERT INTO `tag_alert` (`Id`, `Date_Creation`, `Alert_ID`, `Tag_Command`, `Tag_Retir`, `Tag_Intrus`, `Article_Type_Code`, `Taille`) VALUES
(270, '2013-06-05 17:54:47', 917, '3035307B2831B380E0241EEC', '', '', '60880', '5'),
(271, '2013-06-05 17:54:47', 918, '', '3035307B2831B380E035B6B0', '', '60880', '5'),
(272, '2013-06-05 17:55:32', 921, '', '3035307B2831B380E035B6E3', '', '60864', '1'),
(273, '2013-06-05 17:58:55', 924, '3035307B2831B380E035B6D0', '', '', '60875', '3'),
(274, '2013-06-05 18:06:05', 930, '3035307B2831B380E035B6D0', '', '', '60875', '3'),
(275, '2013-06-05 18:08:05', 933, '', '3035307B2831B380E035C0CD', '', '60880', '5'),
(276, '2013-06-05 18:49:05', 944, '', '3035307B2831B380E035C0CD', '', '60880', '5'),
(277, '2013-06-06 10:04:52', 964, '3035307B2831B380E0241EEC', '', '', '60880', '5'),
(278, '2013-06-06 10:04:52', 965, '', '3035307B2831B380E035B690', '', '60864', '1'),
(279, '2013-06-06 10:45:42', 974, '', '3035307B2831B380E035B666', '', '60864', '4'),
(280, '2013-06-06 12:02:59', 983, '', '3035307B2831B380E035B6E3', '', '60864', '1'),
(281, '2013-06-06 12:36:08', 987, '3035307B2831B380E0241EEC', '', '', '60880', '5'),
(282, '2013-06-06 12:36:08', 988, '', '3035307B2831B380E035C0CD', '', '60880', '5'),
(283, '2013-06-06 13:29:47', 991, '3035307B2831B380E0241EEC', '', '', '60880', '5'),
(284, '2013-06-06 15:46:50', 999, '3035307B2831B380E0241EEC', '', '', '60880', '5'),
(285, '2013-06-06 15:46:50', 1000, '', '3035307B2831B380E035B6E3', '', '60864', '1'),
(286, '2013-06-07 14:54:21', 1007, '3035307B2831B380E035B678', '', '', '60864', '1'),
(287, '2013-06-07 14:55:28', 1010, '3035307B2831B380E035B678', '', '', '60864', '1'),
(288, '2013-06-07 14:55:28', 1011, '', '3035307B2831B380E035B6B7', '', '60875', '1'),
(289, '2013-06-07 15:07:47', 1016, '3035307B2831B380E035B6D0', '', '', '60875', '3'),
(290, '2013-06-07 15:07:47', 1017, '', '3035307B2831B380E035B6B7', '', '60875', '1'),
(291, '2013-06-07 15:10:17', 1020, '', '3035307B2831B380E035C0CD', '', '60880', '5'),
(292, '2013-06-07 15:10:17', 1020, '', '3035307B2831B380E035B6CA', '', '60875', '1'),
(293, '2013-06-07 15:20:07', 1025, '3035307B2831B380E035C0FB', '', '', '60875', '2'),
(294, '2013-06-07 15:38:38', 1031, '3035307B2831B380E035C0FB', '', '', '60875', '2'),
(295, '2013-06-07 15:43:22', 1036, '3035307B2831B380E035C0FE', '', '', '60880', '5'),
(296, '2013-06-07 15:43:22', 1037, '', '3035307B2831B380E035C0CD', '', '60880', '5'),
(297, '2013-06-07 17:25:09', 1056, '3035307B2831B380E035C0FE', '', '', '60880', '5'),
(298, '2013-06-07 17:32:53', 1059, '3035307B2831B380E035DC08', '', '', '60875', '1'),
(299, '2013-06-07 17:32:53', 1060, '', '3035307B2831B380E035C0CD', '', '60880', '5'),
(300, '2013-06-10 11:46:46', 1107, '3035307B2831B380E035C0FE', '', '', '60880', '5'),
(301, '2013-06-10 11:49:37', 1110, '3035307B2831B380E035C0FE', '', '', '60880', '5'),
(302, '2013-06-10 11:49:38', 1111, '', '3035307B2831B380E035C0CD', '', '60880', '5'),
(303, '2013-06-11 17:29:30', 1167, '3035307B2831B380E035B663', '', '', '60875', '2'),
(304, '2013-06-11 17:55:50', 1182, '3035307B2831B380E035C107', '', '', '60864', '1'),
(305, '2013-06-11 17:55:50', 1183, '', '3035307B2831B380E035B68D', '', '60880', '5'),
(306, '2013-06-11 18:02:33', 1186, '3035307B2831B380E035C107', '', '', '60864', '1'),
(307, '2013-06-11 18:02:34', 1187, '', '3035307B2831B380E035C0C0', '', '60880', '5'),
(308, '2013-06-11 18:09:07', 1190, '3035307B2831B380E035C107', '', '', '60864', '1'),
(309, '2013-06-12 09:34:24', 1216, '3035307B2831B380E035C107', '', '', '60864', '1'),
(310, '2013-06-12 11:21:12', 1263, '3035307B2831B380E035B6CD', '', '', '60880', '5'),
(311, '2013-06-12 11:21:12', 1264, '', '3035307B2831B380E035C107', '', '60864', '1'),
(312, '2013-06-12 11:22:35', 1267, '3035307B2831B380E035B6CD', '', '', '60880', '5'),
(313, '2013-06-12 11:22:35', 1268, '', '3035307B2831B380E035B64B', '', '60864', '4'),
(314, '2013-06-12 11:30:38', 1273, '3035307B2831B380E035C0FE', '', '', '60880', '5'),
(315, '2013-06-12 11:30:38', 1274, '', '3035307B2831B380E035B64B', '', '60864', '4'),
(316, '2013-06-12 17:05:35', 1322, '3035307B2831B380E035C0E3', '', '', '60875', '1'),
(317, '2013-06-12 17:08:47', 1325, '3035307B2831B380E035C0E3', '', '', '60875', '1'),
(318, '2013-06-12 17:08:47', 1326, '', '3035307B2831B380E035B6CD', '', '60880', '5'),
(319, '2013-06-12 17:15:36', 1332, '3035307B2831B380E035C0E3', '', '', '60875', '1'),
(320, '2013-06-12 17:19:02', 1336, '3035307B2831B380E035C0E3', '', '', '60875', '1'),
(321, '2013-06-12 17:24:25', 1341, '3035307B2831B380E035C107', '', '', '60864', '1'),
(322, '2013-06-13 12:00:44', 1426, '3035307B2831B380E035DC0F', '', '', '60880', '5'),
(323, '2013-06-13 12:01:40', 1429, '', '3035307B2831B380E035B69B', '', '60880', '5'),
(324, '2013-06-13 15:20:28', 1451, '', '3035307B2831B380E035B68D', '', '60880', '5'),
(325, '2013-06-13 15:35:14', 1466, '3035307B2831B380E035C107', '', '', '60864', '1'),
(326, '2013-06-13 16:28:02', 1475, '3035307B2831B380E035C107', '', '', '60864', '1'),
(327, '2013-06-13 17:49:45', 1490, '3035307B2831B380E035DBF3', '', '', '60875', '1'),
(328, '2013-06-13 17:49:45', 1491, '', '3035307B2831B380E0241F1D', '', '60875', '2'),
(329, '2013-06-13 17:52:24', 1495, '3035307B2831B380E035DBF3', '', '', '60875', '1'),
(330, '2013-06-13 17:52:24', 1496, '', '3035307B2831B380E035B663', '', '60875', '2');

-- --------------------------------------------------------

--
-- Structure de la table `user`
--

CREATE TABLE IF NOT EXISTS `user` (
  `Id` int(8) NOT NULL,
  `Date_Creation` datetime NOT NULL,
  `Date_Modification` datetime NOT NULL,
  `Login` varchar(255) NOT NULL,
  `Password` varchar(255) NOT NULL,
  `Type` varchar(255) NOT NULL,
  `Nom` varchar(255) NOT NULL,
  `Prenom` varchar(255) NOT NULL,
  `Id_Lang` int(11) NOT NULL,
  `Sexe` varchar(255) NOT NULL,
  `Taille` varchar(255) NOT NULL,
  `Groupe` int(8) NOT NULL,
  `Department` int(8) NOT NULL,
  `Photo` varchar(255) NOT NULL,
  `Last_Connection` datetime NOT NULL,
  `Active` int(2) NOT NULL,
  `End_of_Validity` datetime NOT NULL COMMENT 'Date de fin d''activité',
  `Wearer_Code` varchar(255) NOT NULL COMMENT 'Code d''identification sur le serveur ATLAS',
  PRIMARY KEY (`Id`)
) ENGINE=MyISAM DEFAULT CHARSET=latin1;

--
-- Contenu de la table `user`
--

INSERT INTO `user` (`Id`, `Date_Creation`, `Date_Modification`, `Login`, `Password`, `Type`, `Nom`, `Prenom`, `Id_Lang`, `Sexe`, `Taille`, `Groupe`, `Department`, `Photo`, `Last_Connection`, `Active`, `End_of_Validity`, `Wearer_Code`) VALUES
(1, '2013-06-04 00:00:00', '2013-06-04 00:00:00', '1565383442', '1565383442', 'reloader', 'Admin', 'Admin', 80, 'mixte', '1', 0, 0, '', '0001-01-01 00:00:00', 1, '0001-01-01 00:00:00', ''),
(2, '2013-06-04 00:00:00', '2013-06-04 00:00:00', '1565300786', '1565300786', 'user', 'DEMO', 'PORTEUR', 89, 'homme', '1', 0, 0, '', '0001-01-01 00:00:00', 1, '0001-01-01 00:00:00', ''),
(3, '2013-06-07 17:26:52', '1971-01-01 00:00:00', '000001', '1565489394', 'user', 'SLATOR', 'PETER', 89, 'homme', '1', 1, 1, '0', '0001-01-01 00:00:00', 1, '0001-01-01 00:00:00', ''),
(4, '2013-06-10 12:24:33', '1971-01-01 00:00:00', '12345', '1565192130', 'user', 'SAUVAGNAC', 'DELPHINE', 89, 'femme', '1', 1, 1, '0', '0001-01-01 00:00:00', 1, '0001-01-01 00:00:00', ''),
(5, '2013-06-11 17:11:20', '1971-01-01 00:00:00', '12345678', '1565432498', 'user', 'CASSANELI', 'NICOLA', 89, 'homme', '1', 1, 1, '0', '0001-01-01 00:00:00', 1, '0001-01-01 00:00:00', ''),
(6, '2013-06-12 10:49:28', '1971-01-01 00:00:00', '123', '1565435666', 'user', 'LARRIEU', 'SOPHIE', 89, 'femme', '1', 1, 1, '0', '0001-01-01 00:00:00', 1, '0001-01-01 00:00:00', ''),
(7, '2013-06-12 11:47:24', '1971-01-01 00:00:00', '44444444', '1565469778', 'user', 'MACINTOSH', 'SCOTT', 89, 'homme', '1', 1, 1, '0', '0001-01-01 00:00:00', 1, '0001-01-01 00:00:00', ''),
(8, '2013-06-12 12:02:17', '1971-01-01 00:00:00', '1565226130', '1565328802', 'user', 'HOLGER', 'MAY', 89, 'femme', '1', 1, 1, '0', '0001-01-01 00:00:00', 1, '0001-01-01 00:00:00', ''),
(9, '2013-06-12 18:02:41', '1971-01-01 00:00:00', '1565435666', '1565435666', 'user', 'LARIEU', 'SOPHIE', 89, 'homme', '1', 1, 1, '0', '0001-01-01 00:00:00', 1, '0001-01-01 00:00:00', '');

-- --------------------------------------------------------

--
-- Structure de la table `user_article`
--

CREATE TABLE IF NOT EXISTS `user_article` (
  `Id` int(8) NOT NULL,
  `Date_Creation` datetime NOT NULL,
  `Date_Modification` datetime NOT NULL,
  `Taille` varchar(255) NOT NULL,
  `Credit` int(8) NOT NULL,
  `Credit_Restant` int(8) NOT NULL,
  `User_Id` int(8) NOT NULL,
  `Article_Type_Id` int(8) NOT NULL,
  PRIMARY KEY (`Id`)
) ENGINE=MyISAM DEFAULT CHARSET=latin1;

--
-- Contenu de la table `user_article`
--

INSERT INTO `user_article` (`Id`, `Date_Creation`, `Date_Modification`, `Taille`, `Credit`, `Credit_Restant`, `User_Id`, `Article_Type_Id`) VALUES
(1, '2013-06-05 17:30:00', '2013-07-25 10:08:55', '01', 1, 1, 2, 3),
(2, '2013-06-05 17:30:00', '2013-06-12 10:50:19', '02', 2, 0, 2, 1),
(3, '2013-06-06 09:10:42', '2013-07-25 10:08:55', '05', 1, 1, 2, 2),
(4, '2013-06-07 17:26:52', '2013-07-09 14:15:44', '02', 7, 7, 3, 1),
(5, '2013-06-07 17:26:52', '2013-06-10 12:13:20', '01', 3, 3, 3, 2),
(6, '2013-06-07 17:26:52', '2013-06-10 12:20:15', '05', 5, 5, 3, 3),
(7, '2013-06-10 12:24:33', '2013-07-23 14:47:02', '02', 9, 9, 4, 1),
(8, '2013-06-10 12:24:33', '2013-06-10 12:24:33', '01', 5, 5, 4, 2),
(9, '2013-06-10 12:24:33', '2013-07-15 17:51:21', '04', 5, 5, 4, 3),
(10, '2013-06-11 17:11:20', '2013-07-05 16:32:08', '00', 4, 4, 5, 1),
(11, '2013-06-11 17:11:20', '2013-07-24 12:18:53', '04', 3, 3, 5, 2),
(12, '2013-06-11 17:11:20', '2013-07-05 16:32:08', '04', 6, 6, 5, 3),
(13, '2013-06-12 10:49:28', '2013-06-13 17:48:23', '01', 1, 1, 6, 1),
(14, '2013-06-12 10:49:28', '2013-07-05 11:09:17', '03', 2, 2, 6, 2),
(15, '2013-06-12 10:49:28', '2013-07-05 10:50:10', '02', 6, 6, 6, 3),
(16, '2013-06-12 11:47:24', '2013-07-25 10:08:08', '05', 3, 3, 7, 1),
(17, '2013-06-12 11:47:24', '2013-07-25 10:08:08', '02', 3, 3, 7, 2),
(18, '2013-06-12 11:47:24', '2013-06-14 09:44:33', '05', 3, 3, 7, 3),
(19, '2013-06-12 12:02:17', '2013-06-12 12:02:17', '01', 2, 2, 8, 1),
(20, '2013-06-12 12:02:17', '2013-06-12 12:02:17', '01', 2, 2, 8, 2),
(21, '2013-06-12 12:02:17', '2013-06-12 16:11:29', '05', 2, 2, 8, 3),
(22, '2013-06-12 18:02:41', '2013-06-13 15:28:55', '01', 3, 3, 9, 1),
(23, '2013-06-12 18:02:41', '2013-06-13 15:11:16', '01', 3, 3, 9, 2),
(24, '2013-06-12 18:02:41', '2013-06-13 15:27:42', '05', 3, 3, 9, 3);

-- --------------------------------------------------------

--
-- Structure de la table `version`
--

CREATE TABLE IF NOT EXISTS `version` (
  `Id` int(8) NOT NULL COMMENT 'Id de l''armoire',
  `NomPlace` varchar(255) NOT NULL COMMENT 'Défini le nom complet et l''emplacement de l''armoire',
  `VersLog` varchar(255) NOT NULL COMMENT 'Version logiciel',
  `VersMat` varchar(255) NOT NULL COMMENT 'Version matériel',
  `DateSynchro` datetime NOT NULL COMMENT 'Date de la dernière synchro',
  PRIMARY KEY (`Id`)
) ENGINE=MyISAM DEFAULT CHARSET=latin1;

-- --------------------------------------------------------

--
-- Structure de la table `_heartbeat`
--

CREATE TABLE IF NOT EXISTS `_heartbeat` (
  `SYSID` int(11) NOT NULL,
  `HBDATE` datetime NOT NULL DEFAULT '0000-00-00 00:00:00',
  `SYNCHRODATE` datetime NOT NULL DEFAULT '0000-00-00 00:00:00',
  `STATE` text NOT NULL,
  `DETAILS` varchar(255) NOT NULL,
  PRIMARY KEY (`SYSID`)
) ENGINE=MyISAM DEFAULT CHARSET=latin1;

/*!40101 SET CHARACTER_SET_CLIENT=@OLD_CHARACTER_SET_CLIENT */;
/*!40101 SET CHARACTER_SET_RESULTS=@OLD_CHARACTER_SET_RESULTS */;
/*!40101 SET COLLATION_CONNECTION=@OLD_COLLATION_CONNECTION */;
